번호|분류번호|이름|카드종류|카드 색|레벨|세대|속성|종|DP|코스트|진화코스트1|진화코스트2|효과|진화원효과|시큐리티효과|검색용 키워드|페러렐
1|BT1-001|어니몬|디지타마카드|빨강|2|유년기|-|구근형|-|-|-|-|-|[어택 시] 상대의 디지몬에 공격할 때 이 턴 중 이 디지몬의 DP를 +1000한다.|-|-|n
2|BT1-002|베이비드몬|디지타마카드|빨강|2|유년기|-|유룡형|-|-|-|-|-|[자신의 턴] 이 디지몬이 [관통]을 가졌다면 이 디지몬의 DP를 +2000한다.|-|-|n
3|BT1-003|우파몬|디지타마카드|파랑|2|유년기|-|양서류형|-|-|-|-|-|[어택 시] [턴 1회] 진화원이 없는 상대 디지몬이 있을 때 [드로 1]|-|-|n
4|BT1-004|와냐몬|디지타마카드|파랑|2|유년기|-|렛서형|-|-|-|-|-|[자신의 턴] 진화원이 없는 디지몬이 2체 이상 있다면 이 디지몬의 DP를 +2000한다.|-|-|n
5|BT1-005|캬로몬|디지타마카드|노랑|2|유년기|-|렛서형|-|-|-|-|-|[자신의 턴] 자신의 시큐리티가 6장 이상이라면 이 디지몬의 DP를 +2000한다.|-|-|n
6|BT1-006|큐피몬|디지타마카드|노랑|2|유년기|-|소천사형|-|-|-|-|-|[어택 시] 자신의 시큐리티가 5매 이상이라면 [드로 1]|-|-|n
7|BT1-007|시드몬|디지타마카드|초록|2|유년기|-|구근형|-|-|-|-|-|[어택 시] 이 턴중 자신의 디지몬이 1회 이상 진화했다면 이 디지몬의 DP를 +1000한다.|-|-|n
8|BT1-008|프리몬|디지타마카드|초록|2|유년기|-|구근형|-|-|-|-|-|[자신의 턴] 레스트 상태의 상대 디지몬이 2체 이상 있다면 이 디지몬의 DP를 +2000한다.|-|-|n
9|BT1-009|모노드라몬|디지몬카드|빨강|3|성장기|백신종|소룡형|3000|2|0 from Lv.2|-|-|-|-|-|P1
10|BT1-009|모노드라몬|디지몬카드|빨강|3|성장기|백신종|소룡형|3000|2|0 from Lv.2|-|-|-|-|-|n
11|BT1-010|아구몬|디지몬카드|빨강|3|성장기|백신종|파충류형|2000|3|0 from Lv.2|-|[등장 시] 덱 맨위 5장 공개하고 그 중에서 테이머 카드 1장을 패로 가져온다. 나머지는 덱 맨밑에 원하는 순서대로 둔다.|-|-|-|n
12|BT1-011|아구몬박사|디지몬카드|빨강|3|성장기|백신종|파충류형|1000|3|0 from Lv.2|-|[등장 시] 자신의 트래쉬에서 이름에 아구몬을 포함한 디지몬 1체를 패에 넣는다.|-|-|-|n
13|BT1-012|피요몬|디지몬카드|빨강|3|성장기|백신종|병아리형|2000|3|0 from Lv.2|-|-|[자신의 턴] 이 카드가 블록 당했을 때 이 디지몬의 DP를 +2000한다.|-|-|n
14|BT1-013|레드펭귄몬|디지몬카드|빨강|3|성장기|데이터종|새형|5000|3|1 from Lv.2|-|-|-|-|-|n
15|BT1-014|코카트리몬|디지몬카드|빨강|4|성숙기|데이터종|거대새형|4000|3|2 from Lv.3|-|-|-|-|-|n
16|BT1-015|그레이몬|디지몬카드|빨강|4|성숙기|백신종|공룡형|4000|4|2 from Lv.3|-|-|[자신의 턴] 이 디지몬의 DP를 +2000한다.|-|-|n
17|BT1-016|티라노몬|디지몬카드|빨강|4|성숙기|데이터종|공룡형|4000|4|2 from Lv.3|-|[재밍]|-|-|-|n
18|BT1-017|버드라몬|디지몬카드|빨강|4|성숙기|백신종|거대새형|4000|4|2 from Lv.3|-|[등장 시] 이 턴 종료시 까지 자신의 디지몬 1체에게 [시큐리티 어택 +1] 부여|-|-|-|n
19|BT1-018|화염리자몬|디지몬카드|빨강|4|성숙기|데이터종|화염룡형|4000|5|2 from Lv.3|-|[자신의 턴] 메모리가 3 이상이라면 이 디지몬의 [시큐리티 어택 +1]을 가진다.|-|-|-|n
20|BT1-019|다크티라노몬|디지몬카드|빨강|4|성숙기|바이러스종|공룡형|6000|6|1 from Lv.3|-|-|-|-|-|P1
21|BT1-019|다크티라노몬|디지몬카드|빨강|4|성숙기|바이러스종|공룡형|6000|6|1 from Lv.3|-|-|-|-|-|n
22|BT1-020|그라운드라몬|디지몬카드|빨강|5|완전체|바이러스종|지룡형|6000|5|2 from Lv.2|-|-|-|-|-|P1
23|BT1-020|그라운드라몬|디지몬카드|빨강|5|완전체|바이러스종|지룡형|6000|5|2 from Lv.4|-|-|-|-|-|n
24|BT1-021|메탈그레이몬|디지몬카드|빨강|5|완전체|백신종|사이보그형|7000|6|3 from Lv.4|-|[어택 시] 자신의 메모리를 +3 한다. 이 턴 종료시 메모리를 -3 한다.|-|-|-|n
25|BT1-022|가루다몬|디지몬카드|빨강|5|완전체|백신종|조인형|7000|7|3 from Lv.4|-|[관통]|[자신의 턴] 이 디지몬이 블록 당했을 때 [드로 1]|-|-|n
26|BT1-023|스컬그레이몬|디지몬카드|빨강|5|완전체|바이러스종|언데드형|7000|7|3 from Lv.4|-|[등장 시] [블로커]를 가진 상대 디지몬 1체를 소멸시킨다.|-|-|-|n
27|BT1-024|메탈티라노몬|디지몬카드|빨강|5|완전체|바이러스종|사이보그형|10000|7|3 from Lv.4|-|-|-|-|-|n
28|BT1-025|워그레이몬|디지몬카드|빨강|6|궁극체|백신종|용인형|11000|12|3 from Lv.5|-|[진화 시] 이 턴중, 이 디지몬에게 [시큐리티 어택 +1]을 부여한다. [자신의 턴] 이 디지몬이 시큐리티 체크 할 때 옵션카드의 [시큐리티]는 발동하지 않는다.|-|-|-|n
29|BT1-026|브레이크드라몬|디지몬카드|빨강|6|궁극체|바이러스종|기룡형|11000|12|3 from Lv.5|-|[관통]|-|-|-|n
30|BT1-027|아르마몬|디지몬카드|파랑|3|성장기|백신종|포유류형|4000|2|1 from Lv.1|-|-|-|-|-|n
31|BT1-028|에렉몬|디지몬카드|파랑|3|성장기|데이터종|포유류형|3000|2|0 from Lv.2|-|-|-|-|-|P1
32|BT1-028|에렉몬|디지몬카드|파랑|3|성장기|데이터종|포유류형|3000|2|0 from Lv.2|-|-|-|-|-|n
33|BT1-029|파피몬|디지몬카드|파랑|3|성장기|데이터종|파충류형|1000|3|0 from Lv.2|-|[등장 시] [드로 1]|-|-|-|n
34|BT1-030|쉬라몬|디지몬카드|파랑|3|성장기|백신종|해수형|3000|3|0 from Lv.2|-|-|[소멸 시] 메모리를 +1한다.|-|-|n
35|BT1-031|코에몬|디지몬카드|파랑|3|성장기|바이러스종|야수형|1000|4|1 from Lv.2|-|[블로커]|-|-|-|n
36|BT1-032|프리지몬|디지몬카드|파랑|4|성숙기|백신종|얼음형|4000|4|2 from Lv.3|-|[재밍]|-|-|-|n
37|BT1-033|돌핀몬|디지몬카드|파랑|4|성숙기|백신종|해수형|4000|4|2 from Lv.3|-|-|[자신의 턴] 진화원이 없는 상대 디지몬이 존재하는 동안 이 디지몬의 DP를 +1000한다.|-|-|n
38|BT1-034|원뿔몬|디지몬카드|파랑|4|성숙기|백신종|해수형|5000|5|2 from Lv.3|-|-|[자신의 턴] 이 디지몬은 진화원이 없는 디지몬에게 블록 당하지 않는다.|-|-|n
39|BT1-035|레오몬|디지몬카드|파랑|4|성숙기|백신종|수인형|5000|5|2 from Lv.3|-|[소멸 시] 메모리를 +2한다.|-|-|-|n
40|BT1-036|가루몬|디지몬카드|파랑|4|성숙기|백신종|짐승형|5000|6|2 from Lv.3|-|[등장 시] 자신의 디지몬 1체를 액티브 한다.|-|-|-|n
41|BT1-037|고리몬|디지몬카드|파랑|4|성숙기|데이터종|수인형|6000|6|1 from Lv.3|-|-|-|-|-|P1
42|BT1-037|고리몬|디지몬카드|파랑|4|성숙기|데이터종|수인형|6000|6|1 from Lv.3|-|-|-|-|-|n
43|BT1-038|퍼펫몬|디지몬카드|파랑|5|완전체|백신종|퍼펫형|6000|5|2 from Lv.4|-|-|-|-|-|P1
44|BT1-038|퍼펫몬|디지몬카드|파랑|5|완전체|백신종|퍼펫형|6000|5|2 from Lv.4|-|-|-|-|-|n
45|BT1-039|케르베로몬|디지몬카드|파랑|5|완전체|백신종|마수형|6000|6|3 from Lv.4|-|[어택 시] [턴 2회] 자신의 패를 3장 버리는 것으로, 이 디지몬을 액티브한다.|-|-|-|n
46|BT1-040|워가루몬|디지몬카드|파랑|5|완전체|백신종|수인형|7000|6|3 from Lv.4|-|[어택 시] 자신의 메모리를 +3 한다. 이 턴 종료시 메모리를 -3 한다.|-|-|-|n
47|BT1-041|쥬드몬|디지몬카드|파랑|5|완전체|백신종|해수형|6000|7|3 from Lv.4|-|[등장 시] [드로 2]|[어택 시] 진화원이 없는 상대 디지몬이 있을 때 메모리를 +1한다.|-|-|n
48|BT1-042|로더레오몬|디지몬카드|파랑|5|완전체|백신종|머신형|10000|7|3 from Lv.4|-|-|-|-|-|n
49|BT1-043|샤벨레오몬|디지몬카드|파랑|6|궁극체|데이터종|고대짐승형|10000|11|3 from Lv.5|-|[진화 시] 상대의 디지몬 1체의 진화원을 밑에서 부터 4장 소멸시킨다.|-|-|-|n
50|BT1-044|메탈가루몬|디지몬카드|파랑|6|궁극체|데이터종|사이보그형|11000|12|3 from Lv.5|-|[어택 시] 이 디지몬의 진화원 Lv.4 이하의 디지몬 카드 1체를 코스트를 지불하지 않고 필드 위에 등장 시킨다.|-|-|-|n
51|BT1-045|츄카이몬|디지몬카드|노랑|3|성장기|바이러스종|포유류형|3000|2|0 from Lv.2|-|-|-|-|-|n
52|BT1-046|쿠다몬|디지몬카드|노랑|3|성장기|백신종|성수형|1000|3|0 from Lv.2|-|[어택 시] 자신의 패가 4장 이하라면 [드로 1]|-|-|-|n
53|BT1-047|팅커몬|디지몬카드|노랑|3|성장기|바이러스종|요정형|3000|3|0 from Lv.2|-|-|-|-|-|n
54|BT1-048|파닥몬|디지몬카드|노랑|3|성장기|데이터종|포유류형|2000|3|0 from Lv.2|-|[등장 시] 자신의 덱 위에서 4장을 오픈하고 황색 테이머 카드를 전부 패에 넣는다. 남은 카드는 원하는 순서대로 덱 밑에 둔다.|-|-|-|n
55|BT1-049|래브라몬|디지몬카드|노랑|3|성장기|백신종|짐승형|1000|3|0 from Lv.2|-|-|[자신의 턴] 상대의 디지몬의 DP가 0이 되어 소멸했을 때 [드로 1]|-|-|n
56|BT1-050|레오르몬|디지몬카드|노랑|3|성장기|백신종|짐승형|4000|3|0 from Lv.2|-|-|-|-|-|n
57|BT1-051|레파몬|디지몬카드|노랑|4|성숙기|백신종|성수형|4000|3|2 from Lv.3|-|-|-|-|-|n
58|BT1-052|시사몬|디지몬카드|노랑|4|성숙기|백신종|성수형|4000|4|2 from Lv.3|-|[재밍]|-|-|-|n
59|BT1-053|다르크몬|디지몬카드|노랑|4|성숙기|백신종|천사형|4000|4|2 from Lv.3|-|[자신의 턴] 황색 Lv.3 디지몬이 등장했을 때 이 카드가 레스트 상태라몬 [드로 1]|-|-|-|n
60|BT1-054|라이아몬|디지몬카드|노랑|4|성숙기|백신종|성수형|4000|4|3 from Lv.3|-|[어택 시] 메모리가 3이상이라면 이 턴 동안 상대 디지몬 1체의 DP를 -2000한다.|-|-|-|n
61|BT1-055|엔젤몬|디지몬카드|노랑|4|성숙기|백신종|천사형|3000|4|2 from Lv.3|-|[등장 시] 이 턴 중 상대의 디지몬 1체의 DP를 -3000한다.|-|-|-|n
62|BT1-056|피터몬|디지몬카드|노랑|4|성숙기|데이터종|요정형|5000|5|2 from Lv.3|-|[등장 시] 자신의 패 또는 트래쉬에서 [팅커몬] 1체를 비용을 지불하지 않고 등장시킨다.|-|-|-|n
63|BT1-057|세이렌몬|디지몬카드|노랑|5|완전체|데이터종|신인형|6000|6|2 from Lv.4|-|-|-|-|-|n
64|BT1-058|치린몬|디지몬카드|노랑|5|완전체|백신종|성수형|7000|6|3 from Lv.4|-|[어택 시] 메모리를 +3한다. 이 턴이 종료될 때 메모리를 -3한다.|-|-|-|n
65|BT1-059|피콜몬|디지몬카드|노랑|5|완전체|데이터종|요정형|9000|6|3 from Lv.4|-|-|-|-|-|n
66|BT1-060|홀리엔젤몬|디지몬카드|노랑|5|완전체|백신종|대천사형|6000|7|3 from Lv.4|-|[등장 시] [리커버리 +1]|[자신의 턴] 자신의 시큐리티 3장 당 이 디지몬의 DP를 +1000한다.|-|-|n
67|BT1-061|미스티몬|디지몬카드|노랑|5|완전체|바이러스종|마법전사형|7000|7|3 from Lv.4|-|[등장 시] 이 턴중, 상대 디지몬 2체의 DP를 -3000한다.|-|-|-|n
68|BT1-062|슬래쉬엔젤몬|디지몬카드|노랑|6|궁극체|백신종|능천사형|8000|11|3 from Lv.5|-|[진화 시] 이 턴 동안 상대 디지몬 1체의 DP를 -8000한다.|-|-|-|n
69|BT1-063|세라피몬|디지몬카드|노랑|6|궁극체|백신종|치천사형|10000|12|3 from Lv.5|-|[진화 시] [리커버리 +1], [자신의 턴] 자신의 시큐리티 카드가 3장 이상일 경우 이 디지몬은 [시큐리티 어택 +1]을 얻는다.|-|-|-|n
70|BT1-064|고부리몬|디지몬카드|초록|3|성장기|바이러스종|귀인형|3000|2|0 from Lv.2|-|-|-|-|-|n
71|BT1-065|머쉬몬|디지몬카드|초록|3|성장기|바이러스종|식물형|4000|2|1 from Lv.2|-|-|-|-|-|n
72|BT1-066|텐타몬|디지몬카드|초록|3|성장기|백신종|곤충형|2000|3|0 from Lv.2|-|-|[어택 시] DP 3000 이하의 상대 디지몬 1체를 레스트한다.|-|-|n
73|BT1-067|팔몬|디지몬카드|초록|3|성장기|데이터종|식물형|1000|3|0 from Lv.2|-|[등장 시] 자신의 덱 위 3장을 오픈하고 그 중 Lv.4의 디지몬 카드 1장을 패에 추가한다. 남은 카드는 원하는 순서대로 덱 밑으로 되돌린다.|-|-|-|n
74|BT1-068|코쿠와몬|디지몬카드|초록|3|성장기|데이터종|머신형|2000|4|1 from Lv.2|-|-|[자신의 턴] 이 디지몬을 진화소재로 한 디지몬의 Lv.이  6이상이면 [시큐리티 어택 +1] 을 얻는다.|-|-|n
75|BT1-069|우가몬|디지몬카드|초록|4|성숙기|바이러스종|귀인형|4000|4|2 from Lv.3|-|[재밍]|-|-|-|n
76|BT1-070|쿠가몬|디지몬카드|초록|4|성숙기|바이러스종|곤충형|4000|4|2 from Lv.3|-|[등장 시] 상대의 디지몬 1체를 레스트한다.|-|-|-|n
77|BT1-071|베지몬|디지몬카드|초록|4|성숙기|바이러스종|식충식물형|4000|4|1 from Lv.3|-|-|-|-|-|n
78|BT1-072|우드몬|디지몬카드|초록|4|성숙기|바이러스종|식물형|6000|5|2 from Lv.3|-|[블로커], [어택 시] 메모리를 -2한다.|-|-|-|n
79|BT1-073|캅테리몬|디지몬카드|초록|4|성숙기|백신종|곤충형|5000|6|1 from Lv.3|-|-|[자신의 턴] 레스트 상태인 상대의 디지몬 1체당 이 디지몬의 DP를 +1000한다.|-|-|n
80|BT1-074|니드몬|디지몬카드|초록|4|성숙기|데이터종|식물형|5000|6|2 from Lv.3|-|[진화 시] 자신의 덱 위에서 3장을 오픈하고 그 중 Lv.5 이상의 디지몬 카드 1장을 패에 넣고 그 이외의 카드는 전부 덱 밑에 둔다.|-|-|-|n
81|BT1-075|디지타몬|디지몬카드|초록|5|완전체|데이터종|퍼펙트형|7000|6|3 from Lv.4|-|[어택 시] 자신의 메모리를 +3 한다. 이 턴 종료시 메모리를 -3 한다.|-|-|-|n
82|BT1-076|아트라캅테리몬|디지몬카드|초록|5|완전체|백신종|곤충형|6000|7|2 from Lv.4|-|-|[어택 시] 레스트 상태의 상대의 디지몬이 두체 이상 있다면, 메모리를 +1한다.|-|-|n
83|BT1-077|왕쿠가몬|디지몬카드|초록|5|완전체|바이러스종|곤충형|6000|7|2 from Lv.4|-|-|[자신의 턴] 이 디지몬이 전투에서 상대의 디지몬만을 소멸시켰을 때 메모리 +1한다.|-|-|n
84|BT1-078|쟈가몬|디지몬카드|초록|5|완전체|백신종|식물형|7000|7|3 from Lv.4|-|[어택 시] 자신의 덱 위에서 3장을 오픈한다. 그 중 녹색의 Lv.6 디지몬 1장을 이 디지몬에 비용을 지불하지 않고 진화 시킨다. 남은 카드는 원하는 순서대로 덱 밑에 둔다.|-|-|-|n
85|BT1-079|릴리몬|디지몬카드|초록|5|완전체|데이터종|요정형|6000|7|2 from Lv.4|-|-|[어택 시] 블로커를 지니지 않은 상대 디지몬 1체를 레스트 시킨다.|-|-|n
86|BT1-080|타이타몬|디지몬카드|초록|6|궁극체|바이러스종|귀인형|12000|10|2 from Lv.5|-|-|-|-|-|n
87|BT1-081|헤라클레스캅테리몬|디지몬카드|초록|6|궁극체|백신종|곤충형|10000|12|3 from Lv.5|-|[관통], [어택 종료 시] [턴 2회] 메모리 -3 하는 것으로 이 디지몬을 액티브 상태로 한다.|-|-|-|n
88|BT1-082|로제몬|디지몬카드|초록|6|궁극체|데이터종|요정형|11000|12|3 from Lv.5|-|[상대의 턴] 상대의 디지몬 카드가 플레이어를 공격 할 때 이 카드가 레스트 상태라면 상대의 디지몬 1체를 레스트 상태로 만든다.|-|-|-|n
89|BT1-083|그랜쿠가몬|디지몬카드|초록|6|궁극체|프리|곤충형|11000|13|4 from Lv.5|-|[관통], [자신의 턴] 이 디지몬의 DP +4000 한다.|-|-|-|n
90|BT1-084|오메가몬|디지몬카드|하양|7|궁극체|백신종|성기사형/로얄나이츠|15000|15|6 from Lv.6|6 from Lv.6|[등장 시] 상대의 디지몬 한체를 선택하고 그 디지몬과 같은 이름의 디지몬을 전부 소멸시킨다. [어택 시] 이 디지몬의 진화원 Lv.6의 디지몬 카드 1체를 자신의 패로 되돌리고 이 디지몬을 액티브 상태로 한다.|-|-|-|n
91|BT1-085|신태일|테이머카드|빨강|-|-|-|-|-|4|-|-|[자신의 턴 시작 시] 메모리가 2이하라면 3으로 한다. [자신의 턴] 진화원이 4장 이상인 자신의 적색 디지몬은 전부 [시큐리티 어택 +1]을 얻는다.|-|[시큐리티] 이 카드를 코스트 지불하지 않고 등장시킨다.|-|n
92|BT1-086|매튜|테이머카드|파랑|-|-|-|-|-|4|-|-|[자신의 턴 시작 시] 메모리가 2이하라면 3으로 한다. [자신의 턴] 자신의 청색 디지몬이 등장한다면 이 카드를 레스트 하는 것으로 상대 디지몬의 진화원을 밑에서 1체 소멸 시킨다.|-|[시큐리티] 이 카드를 코스트 지불하지 않고 등장시킨다.|-|n
93|BT1-087|리키|테이머카드|노랑|-|-|-|-|-|4|-|-|[자신의 턴 시작 시] 메모리가 2이하라면 3으로 한다. [등장 시] 자신의 시큐리티 카드를 전부 확인하고 그 중에서 카드 1장을 패에 넣는다. 황색 카드를 넣었다면 [리커버리 +1] 그 후 자신의 시큐리티를 셔플한다.|-|[시큐리티] 이 카드를 코스트 지불하지 않고 등장시킨다.|-|n
94|BT1-088|장한솔|테이머카드|초록|-|-|-|-|-|2|-|-|[메인] 녹색 Lv.5 이상의 디지몬이 있을 때 이 카드를 레스트 하는 것으로 자신의 덱 위에서 카드를 1장 공개하고 그 카드가 디지몬 카드였을 경우 패에 넣고 아닐 경우 덱의 맨밑에 둔다.|-|[시큐리티] 이 카드를 코스트 지불하지 않고 등장시킨다.|-|n
95|BT1-089|이미나|테이머카드|초록|-|-|-|-|-|4|-|-|[자신의 턴 시작 시] 메모리가 2이하라면 3으로 한다. [메인] 녹색 Lv.5 이상인 자신의 디지몬이 있을 때 이 카드를 레스트 하는 것으로 자신의 육성 에리어에 있는 디지타마 카드를 1장 부화시키거나 육성 에리어에 있는 Lv.3 이상의 자신의 디지몬 1체를 배틀 에리어로 이동시킨다.|-|[시큐리티] 이 카드를 코스트 지불하지 않고 등장시킨다.|-|n
96|BT1-090|그라비티 프레스|옵션카드|빨강|-|-|-|-|-|0|-|-|[메인] 메모리를 +2 한다. 이 턴 종료 시, 메모리를 -2 한다.|-|-|-|n
97|BT1-091|스크랩리스 클로|옵션카드|빨강|-|-|-|-|-|3|-|-|[메인] 이 턴 동안 자신의 디지몬 1체는 [관통]을 얻는다.|-|-|-|n
98|BT1-092|뉴클리어 레이저|옵션카드|빨강|-|-|-|-|-|3|-|-|[메인] [드로 2] 그 후 이 턴 동안 자신의 디지몬 1체의 DP를 +2000한다.|-|-|-|n
99|BT1-093|브레이브 토네이도|옵션카드|빨강|-|-|-|-|-|3|-|-|[메인] 이 턴중 자신의 디지몬 1체의 DP를 +2000하고 그 디지몬에 [시큐리티 어택 +1]을 부여한다.|-|[시큐리티] 이 카드를 패에 추가한다.|-|n
100|BT1-094|오블리비언 버드|옵션카드|빨강|-|-|-|-|-|5|-|-|[메인] [블로커] 를 지닌 상대 디지몬 1체를 소멸 시킨다.|-|[시큐리티] 이 카드의 [메인] 효과를 발동시킨다.|-|n
101|BT1-095|브레이브 실드|옵션카드|빨강|-|-|-|-|-|5|-|-|[메인] 자신의 디지몬 1체를 액티브 한다. 다음 상대의 턴 종료시 까지 그 디지몬은 [블로커]를 얻는다.|-|[시큐리티] 자신의 디지몬 1체를 액티브 한다. 그 디지몬은 이 턴 종료시 까지 [블로커]를 얻는다.|-|n
102|BT1-096|헬파이어|옵션카드|파랑|-|-|-|-|-|1|-|-|[메인] 이 턴 중, 자신의 디지몬 1체의 DP를 +3000한다.|-|[시큐리티] [드로 1] 그 후 이 카드를 패에 넣는다.|-|n
103|BT1-097|보링 스톰|옵션카드|파랑|-|-|-|-|-|1|-|-|[메인] [드로 1]|-|[시큐리티] [드로 2]|-|n
104|BT1-098|브이 브레스 에로우|옵션카드|파랑|-|-|-|-|-|2|-|-|[메인] 이 턴 동안 자신의 디지몬 1체에게 [재밍]을 부여한다.|-|[시큐리티] 이 카드를 패에 넣는다.|-|n
105|BT1-099|러블리 어택|옵션카드|파랑|-|-|-|-|-|3|-|-|[메인] 상대의 디지몬 1체의 진화원을 모두 파기한다.|-|-|-|n
106|BT1-100|그레이스 크로스 프리저|옵션카드|파랑|-|-|-|-|-|4|-|-|[메인] 다음 상대 턴 종료 시 까지 상대는 진화원이 없는 디지몬으로 공격할 수 없다.|-|[시큐리티] 이 턴 중 상대는 진화원이 없는 디지몬으로 공격할 수 없다.|-|n
107|BT1-101|네일 크러셔|옵션카드|파랑|-|-|-|-|-|7|-|-|[메인] 상대 디지몬의 진화원 전부를 소멸시킨다,|-|[시큐리티] 이 카드의 [메인]을 발동시킨다.|-|n
108|BT1-102|홀리 에스파다|옵션카드|노랑|-|-|-|-|-|2|-|-|[메인] 자신의 시큐리티 2장 마다 [드로 1]|-|[시큐리티] 이 카드의 [메인]을 발동시킨다.|-|n
109|BT1-103|테스타먼트|옵션카드|노랑|-|-|-|-|-|3|-|-|[메인] 다음 상대의 턴 종료 시 까지 자신의 디지몬 1체에게 [블로커]를 부여한다.|-|[시큐리티] [드로 1] 그 후 이 카드를 패에 넣는다.|-|n
110|BT1-104|헤븐즈 리퍼|옵션카드|노랑|-|-|-|-|-|3|-|-|[메인] 이 턴 동안 자신의 디지몬 전부는 ( [어택 시] 이 턴 동안 상대의 디지몬 1체의 DP를 -2000한다. ) 를 얻는다.|-|-|-|n
111|BT1-105|블래스트 파이어|옵션카드|노랑|-|-|-|-|-|4|-|-|[메인] 다음 상대의 턴 종료시까지 상대의 디지몬 1체의 원래 DP를 3000으로 한다.|-|-|-|n
112|BT1-106|제 1곡 <폴리포니>|옵션카드|노랑|-|-|-|-|-|5|-|-|[메인] 이 턴 동안 상대의 디지몬 1체의 DP를 -7000한다.|-|-|-|n
113|BT1-107|개심의 파동|옵션카드|노랑|-|-|-|-|-|6|-|-|[메인] [리커버리 +1]|-|[시큐리티] 이 카드의 [메인] 효과를 발동한다.|-|n
114|BT1-108|혼 버스터|옵션카드|초록|-|-|-|-|-|1|-|-|[메인] 이 턴 중 자신의 디지몬 1체의 DP를 +3000한다.|-|[시큐리티] 상대의 디지몬 1체를 레스트한다. 그 후 이 카드를 패에 넣는다.|-|n
115|BT1-109|스매시 포테이토|옵션카드|초록|-|-|-|-|-|2|-|-|[메인] 이 턴 중 자신의 녹색 디지몬이 Lv.5에서 Lv.6으로 진화할 때 진화 코스트를 -4한다.|-|-|-|n
116|BT1-110|플라워캐논|옵션카드|초록|-|-|-|-|-|2|-|-|[메인] 상대의 디지몬 1체를 레스트 한다.|-|[시큐리티] [블로커]를 지니지 않은 상대의 디지몬 전체를 레스트시킨다.|-|P2
117|BT1-110|플라워 캐논|옵션카드|초록|-|-|-|-|-|2|-|-|[메인] 상대의 디지몬 1체를 레스트한다.|-|[시큐리티] [블로커] 를 지니지 않은 상대 디지몬 전부를 레스트 시킨다.|-|n
118|BT1-111|기가 블래스터|옵션카드|초록|-|-|-|-|-|3|-|-|[메인] 상대 디지몬 1체 또는 DP 5000 이하의 상대 디지몬 2체를 레스트 시킨다.|-|[시큐리티] 이 카드의 [메인] 효과를 발동한다.|-|n
119|BT1-112|디멘션 시저|옵션카드|초록|-|-|-|-|-|3|-|-|[메인] 이 턴 동안 자신의 디지몬 1체는 (이 카드가 전투에서 상대의 디지몬 만을 소멸시켰을 때 이 디지몬을 액티브 한다)를 얻는다.|-|[시큐리티] 이 카드를 패에 넣는다.|-|n
120|BT1-113|포비든 템테이션|옵션카드|초록|-|-|-|-|-|4|-|-|[메인] 다음 상대의 턴 종료시 까지, 상대의 디지몬 1체는 어택과 블록을 할 수 없다.|-|[시큐리티] 다음 상대의 액티브 테이즈에 상대의 디지몬 전부는 액티브 할 수 없다.|-|n
121|BT1-114|메탈그레이몬|디지몬카드|빨강|5|완전체|백신종|사이보그형|9000|8|3 from Lv.4|-|[시큐리티 어택 +2] [어택 시] 메모리를 -5 한다.|-|[자신의 턴] 이 디지몬의 DP를 +3000한다.|-|n
122|BT1-115|브이드라몬|디지몬카드|파랑|4|성숙기|백신종|환룡형|6000|6|3 from Lv.3|-|[어택 시] [턴 1회] 자신의 테이머가 있을 때 이 디지몬을 액티브한다.|-|[서로의 턴] 청색 테이머가 존재할 때 이 디지몬의 DP를 +1000한다.|-|n
123|BT2-001|기기몬|디지타마카드|빨강|2|유년기|-|렛서형|-|-|-|-|-|[자신의 턴] 상대 트래쉬가 5장 이상 있으면 DP를 +1000한다|-|-|n
124|BT2-002|꼬마몬|디지타마카드|파랑|2|유년기|-|유룡형|-|-|-|-|-|[자신의 턴] [턴 1회] 이 디지몬이 메인 페이즈에 액티브 했을 때 이 턴 종료시까지 이 디지몬의 DP를 +1000한다.|-|-|n
125|BT2-003|야옹몬|디지타마카드|노랑|2|유년기|-|렛서형|-|-|-|-|-|[상대의 턴] 이 디지몬이 레스트 상태일때 자신의 모든 시큐리티 디지몬의 DP를 +1000한다.|-|-|n
126|BT2-004|아르고몬|디지타마카드|초록|2|유년기|-|돌연변이형|-|-|-|-|-|[자신의 턴] 이 디지몬이 액티브 페이즈에 액티브 했을 때 메모리를 +1 한다.|-|-|n
127|BT2-005|카프리몬|디지타마카드|검정|2|유년기|-|렛서형|-|-|-|-|-|[자신의 턴] 이 디지몬이 [재기동]을 지니고 있을 때, 이 디지몬의 DP를 +1000한다.|-|-|n
128|BT2-006|츠메몬|디지타마카드|검정|2|유년기|-|종족불명|-|-|-|-|-|[자신의 턴] 이 디지몬과 같은 명칭을 지닌 자신의 다른 디지몬이 있을 때 이 디지몬의 DP+2000 한다.|-|-|n
129|BT2-007|퍼그몬|디지타마카드|보라|2|유년기|-|렛서형|-|-|-|-|-|[어택 시] 자신의 덱 위에서 1장을 파기한다.|-|-|n
130|BT2-008|야몬|디지타마카드|보라|2|유년기|-|렛서형|-|-|-|-|-|[자신의 턴] 자신의 트래시에 5장 이상 있다면 이 디지몬의 DP를 +1000한다|-|-|n
131|BT2-009|길몬|디지몬카드|빨강|3|성장기|바이러스종|파충류형|3000|3|0 from Lv.2|-|-|[자신의 턴] 상대의 트래시에 카드가 5장 이상 있을때 이 디지몬의 DP를 +1000한다.|-|-|n
132|BT2-010|피요몬|디지몬카드|빨강|3|성장기|백신종|아기새형|2000|3|0 from Lv.2|-|[소멸 시] 자신의 턴이라면 메모리+1 한다.|-|-|-|n
133|BT2-011|보보몬|디지몬카드|빨강|3|성장기|바이러스종|암룡형|5000|4|0 from Lv.2|-|-|-|-|-|n
134|BT2-012|버드라몬|디지몬카드|빨강|4|성숙기|백신종|거대새형|3000|4|2 from Lv.3|-|[어택 시] 플레이어를 어택 했을때 이 턴 종료 시 까지 이 디지몬의 DP를 +4000한다.|-|-|-|n
135|BT2-013|그라우몬|디지몬카드|빨강|4|성숙기|바이러스종|마룡형|4000|5|2 from Lv.3|-|-|[어택 시] DP 2000 이하의 상대 디지몬 1체를 소멸시킨다.|-|-|n
136|BT2-014|라보보몬|디지몬카드|빨강|4|성숙기|바이러스종|암룡형|6000|5|2 from Lv.3|-|-|-|-|-|n
137|BT2-015|가루다몬|디지몬카드|빨강|5|완전체|백신종|조인형|7000|6|3 from Lv.4|-|[어택 시] 플레이어에게 어택 했을 때 [드로 1]|-|-|-|n
138|BT2-016|라보가리타몬|디지몬카드|빨강|5|완전체|바이러스종|용형|8000|7|2 from Lv.4|-|-|-|-|-|n
139|BT2-017|메가로그라우몬|디지몬카드|빨강|5|완전체|바이러스종|사이보그형|8000|8|3 from Lv.4|-|[진화 시] 자신의 적색 테이머 카드가 있을 때, DP 3000이하의 디지몬 1체를 소멸시킨다.|[자신의 턴] 상대의 트래쉬에 카드가 5장 이상 있을때 이 디지몬의 DP를 +1000한다.|-|-|n
140|BT2-018|볼케닉드라몬|디지몬카드|빨강|6|궁극체|바이러스종|지룡형|10000|11|3 from Lv.5|-|[시큐리티 어택 +1] [등장 시] DP 4000 이하의 상대 디지몬 전부를 소멸시킨다.|-|-|-|n
141|BT2-019|호우호우몬|디지몬카드|빨강|6|궁극체|백신종|성수형|11000|11|3 from Lv.5|-|[어택 시] 플레이어에게 어택 했을 때 메모리를 +1 한다.|-|-|페닉스몬, 피닉스몬, Hououmon, Phoenixmon|n
142|BT2-020|듀크몬|디지몬카드|빨강|6|궁극체|바이러스종|성기사형/로얄나이츠|11000|12|4 from Lv.5|-|[진화 시] 자신의 적색 테이머 카드가 있을 때 DP 6000 이하의 디지몬 1장을 소멸시킨다. [어택 시] 상대의 트래쉬 카드 10장당 상대의 시큐리티 1장을 파기한다.|-|-|-|n
143|BT2-021|브이몬|디지몬카드|파랑|3|성장기|프리|소룡형|2000|3|0 from Lv.2|-|-|[자신의 턴] [턴 1회] 이 디지몬이 메인 페이즈에 액티브 했을 때 [드로 1] 한다.|-|-|n
144|BT2-022|베타몬|디지몬카드|파랑|3|성장기|바이러스종|양서류형|5000|3|1 from Lv.2|-|-|-|-|-|n
145|BT2-023|쉬라몬|디지몬카드|파랑|3|성장기|백신종|해수형|2000|4|0 from Lv.2|-|패에서 이 카드가 등장했을 때, 진화원이 없는 상대 디지몬 1체당 등장 메모리를 -1한다.|-|-|-|n
146|BT2-024|시드라몬|디지몬카드|파랑|4|성숙기|데이터종|수서형|4000|3|2 from Lv.3|-|-|-|-|-|n
147|BT2-025|원뿔몬|디지몬카드|파랑|4|성숙기|백신종|바다짐승형|3000|5|2 from Lv.3|-|-|[어택 시] 상대의 디지몬 1체의 진화원을 위에서 부터 1장 파기한다.|-|-|n
148|BT2-026|브이드라몬|디지몬카드|파랑|4|성숙기|백신종|환룡형|5000|5|2 from Lv.3|-|[자신의 턴] 자신의 청색 테이머가 있을 때 이 디지몬은 [재밍]을 얻는다.|-|-|-|n
149|BT2-027|쥬드몬|디지몬카드|파랑|5|완전체|백신종|바다짐승형|9000|6|3 from Lv.4|-|-|-|-|-|n
150|BT2-028|에어로브이드라몬|디지몬카드|파랑|5|완전체|백신종|성룡형|7000|8|3 from Lv.4|-|[진화 시] 자신의 청색 테이머 카드가 있을 때 청색 자신의 디지몬을 액티브한다.|[자신의 턴] 이 디지몬이 메인페이즈에 액티브 했을 때 이 턴중 이 디지몬은 [재밍]을 얻는다.|-|-|n
151|BT2-029|메가시드라몬|디지몬카드|파랑|5|완전체|데이터종|수서형|8000|8|3 from Lv.4|-|[자신의 턴] 이 디지몬은 진화원이 없는 상대 디지몬에게 블록 당하지 않는다.|-|-|-|n
152|BT2-030|메탈시드라몬|디지몬카드|파랑|6|궁극체|데이터종|사이보그형|10000|11|3 from Lv.5|-|[등장 시] Lv.4 이하의 상대 디지몬 2장을 패로 되돌린다. 그 디지몬의 진화원은 파기한다. <LB>[자신의 턴] 이 디지몬은 진화원이 없는 상대 디지몬에게 블록 당하지 않는다.|-|-|-|n
153|BT2-031|바이킹몬|디지몬카드|파랑|6|궁극체|프리|수인형|10000|12|4 from Lv.5|-|[자신의 턴] 진화원이 없는 상대의 디지몬이 있을 때 이 디지몬의 DP를 +1000하고 [시큐리티 어택 +1] 을 부여한다.|-|-|-|n
154|BT2-032|알포스브이드라몬|디지몬카드|파랑|6|궁극체|백신종|성기사형/로얄나이츠|11000|13|3 from Lv.5|-|[자신의 턴] 자신의 청색 테이머 카드가 레스트 되었을 때, 이 디지몬을 액티브한다. <LB>[자신의 턴] [턴 1회] 이 디지몬이 액티브 되었 때 자신의 메모리를 +1한다.|-|-|-|n
155|BT2-033|아구몬|디지몬카드|노랑|3|성장기|백신종|공룡형|3000|3|0 from Lv.2|-|[자신의 턴] 자신의 황색 테이머 카드가 3장 이상 있다면 [드로 1]|-|-|-|n
156|BT2-034|플롯트몬|디지몬카드|노랑|3|성장기|백신종|포유류형|2000|4|0 from Lv.2|-|[소멸 시] 자신의 시큐리티가 3장 이하일때 [리커버리 +1]|-|-|-|n
157|BT2-035|지오그레이몬|디지몬카드|노랑|4|성숙기|백신종|공룡형|4000|4|2 from Lv.3|-|-|[자신의 턴] 자신의 황색 테이머가 3장 이상 있다면 이턴중 상대의 디지몬 1체의 DP를 -2000한다.|-|-|n
158|BT2-036|가트몬|디지몬카드|노랑|4|성숙기|백신종|성수형|3000|5|2 from Lv.3|-|[등장 시] 자색의 자신의 디지몬이 있을 때 이 턴 종료시 까지 상대의 디지몬 1체의 DP를 -4000한다. <LB>[자신의 턴] 다른 자신의 디지몬이 소멸 했을 때 이 턴 종료시 까지 이 디지몬의 DP를 +3000한다.|-|-|-|n
159|BT2-037|엔젤우몬|디지몬카드|노랑|5|완전체|백신종|대천사형|10000|7|3 from Lv.4|-|-|-|-|-|n
160|BT2-038|라이즈그레이몬|디지몬카드|노랑|5|완전체|백신종|사이보그형|7000|8|3 from Lv.4|-|[진화 시] 자신의 패에서 황색 테이머 카드 1장을 코스트를 지불하지 않고 등장 시킨다. 이 효과로 등장한 테이머의 [등장 시] 효과는 발동하지 않는다.|[자신의 턴] 황색 자신의 테이머가 3장 이상 있을 때 이 디지몬은 [시큐리티 어택 +1]을 얻는다.|-|-|n
161|BT2-039|홀리드라몬|디지몬카드|노랑|6|궁극체|백신종|성룡형/사대룡|10000|11|3 from Lv.5|-|[등장 시] 자신의 시큐리티가 3장 이하라면 [리커버리 +2] <LB>[어택 시] 자신의 패에서 황색 Lv.3의 디지몬 카드 1장을 코스트를 지불하지 않고 등장시킨다.|-|-|-|n
162|BT2-040|오파니몬|디지몬카드|노랑|6|궁극체|백신종|좌천사형/삼대천사|11000|12|3 from Lv.5|-|[소멸 시] 이 카드를 자신의 시큐리티 위에 뒷면으로 둔다.|-|-|-|n
163|BT2-041|샤인그레이몬|디지몬카드|노랑|6|궁극체|백신종|광룡형|11000|12|4 from Lv.5|-|[진화 시] 자신의 황색 테이머 전부를 레스트 시킨다. 이 효과로 레스트한 황색 테이머 1장당 이하의 효과를 적용한다. · 이 턴중 상대의 디지몬 1체의 DP를 -4000한다. <LB>[자신의 턴] 자신의 테이머 1장당 이 디지몬의 DP를 +1000한다.|-|-|-|n
164|BT2-042|아르고몬|디지몬카드|초록|3|성장기|바이러스종|돌연변이형|3000|2|0 from LV.2|-|-|-|-|-|n
165|BT2-043|아구몬|디지몬카드|초록|3|성장기|백신종|파충류형|1000|3|0 from LV.2|-|-|[자신의 턴] 이 디지몬의 DP를 +1000한다.|-|-|n
166|BT2-044|티라노몬|디지몬카드|초록|4|성숙기|데이터종|공룡형|4000|4|2 from Lv3|-|[진화 시] 자신의 덱 위에서 3장을 오픈한다. 그 중 Lv.5의 디지몬 카드와 녹색 테이머 카드 1장씩을 손패에 추가한다. 남은 카드는 원하는 순서대로 덱 밑에 둔다.|-|-|-|n
167|BT2-045|아르고몬|디지몬카드|초록|4|성숙기|바이러스종|돌연변이형|5000|6|2 from Lv.3|-|[흡수진화 -2]|-|-|-|n
168|BT2-046|메탈티라노몬|디지몬카드|초록|5|완전체|바이러스종|사이보그형|6000|7|2 from Lv.4|-|-|[지신의 턴] 이 디지몬이 배틀에서 Lv.6이상의 상대 디지몬만을 소멸시켰을 때, 이 디지몬을 액티브한다.|-|-|n
169|BT2-047|아르고몬|디지몬카드|초로|5|완전체|바이러스종|돌연변이형|6000|8|3 from Lv.4|-|[흡수진화 -3]|[어택 시] 자신의 손패에서 녹색 Lv.3 디지몬 1체를 비용을 지불하지 않고 레스트 상태로 등장시킨다.|-|-|n
170|BT2-048|쥬레이몬|디지몬카드|초록|5|완전체|바이러스종|식물형|7000|8|2 from Lv.4|-|[블로커]|-|-|-|n
171|BT2-049|피노키몬|디지몬카드|초록|6|궁극체|바이러스종|퍼펫형|10000|11|3 from Lv.5|-|[등장 시] 상대 디지몬 1체를 레스트 시킨다. 다음 상대의 엑티브 페이즈에 상대 디지몬 전부는 액티브 할 수 없다. <LB>[어택 시] 메모리를 +1 한다.|-|-|-|n
172|BT2-050|아르고몬|디지몬카드|초록|6|궁극체|바이러스종|돌연변이형|11000|12|5 from Lv.5|-|[흡수진화 -3] <LB>[자신의 턴] 다른 자신의 레스트 상태의 디지몬 1체당 이 디지몬은 [시큐리티 어택 +1]을 얻는다.|-|-|-|n
173|BT2-051|러스트티라노몬|디지몬카드|초록|6|궁극체|바이러스종|사이보그형|11000|13|4 from Lv.5|-|[자신의 턴] 녹색의 자신의 테이머가 있을 때 이 디지몬은 액티브 상태의 상대 디지몬을 공격할 수 있다. <LB>[자신의 턴] 이 디지몬이 전투로 상대 디지몬만을 소멸 시켰을 떄, 상대의 디지몬 1체를 레스트 시킨다.|-|-|-|n
174|BT2-052|톱니몬|디지몬카드|검정|3|성장기|바이러스종|머신형|3000|2|0 from Lv.2|-|-|-|-|-|n
175|BT2-053|케라몬|디지몬카드|검정|3|성장기|불명|종족불명|2000|3|0 from Lv.2|-|-|[자신의 턴] 이 디지몬과 같은 명칭의 다른 디지몬이 등장할때마다 [드로 1]|-|-|n
176|BT2-054|울퉁몬|디지몬카드|검정|3|성장기|데이터종|광석형|3000|3|0 from Lv.2|-|[블로커] <LB>[어택 시] 메모리를 -2 한다.|-|-|-|n
177|BT2-055|토이아구몬|디지몬카드|검정|3|성장기|백신종|퍼펫형|1000|3|0 from Lv.2|-|-|[재기동]|-|-|n
178|BT2-056|워매몬|디지몬카드|검정|4|성숙기|바이러스종|연체형|3000|3|1 from Lv.3|-|-|-|-|-|n
179|BT2-057|그레이몬|디지몬카드|검정|4|성숙기|백신종|공룡형|4000|4|2 from Lv.3|-|-|[자신의 턴] 이 디지몬이 [재기동]의 효과를 가졌을 때 이 디지몬은 [재밍]을 얻는다.|-|-|n
180|BT2-058|가드로몬|디지몬카드|검정|4|성숙기|바이러스종|머신형|7000|5|2 from Lv.3|-|[블로커] <LB>[자신의 턴] 이 디지몬은 어택할 수 없다.|-|-|-|n
181|BT2-059|크리사리몬|디지몬카드|검정|4|성숙기|불명|종족불명|4000|5|2 from Lv.3|-|-|[자신의 턴] 이 디지몬과 같은 명칭의 디지몬이 등장했을때, 메모리를 +1한다.|-|쿠리사리몬|n
182|BT2-060|메가드라몬|디지몬카드|검정|5|완전체|바이러스종|사이보그형|9000|6|3 from Lv.4|-|-|-|-|-|n
183|BT2-061|안드로몬|디지몬카드|검정|5|완전체|백신종|사이보그형|7000|7|3 from Lv.4|-|[블로커]|-|-|-|n
184|BT2-062|인펠몬|디지몬카드|검정|5|완전체|불명|종족불명|6000|7|3 from Lv.4|-|[자신의 턴] 이 디지몬이 패의 [디아블로몬]으로 진화 할때 지불하는 진화 코스트를 -1한다.|-|-|-|n
185|BT2-063|메탈그레이몬|디지몬카드|검정|5|완전체|백신종|사이보그형|7000|8|3 from Lv.4|-|[재기동]|[자신의 턴] 이 디지몬이 [재기동]을 지니고 있다면 이 디지몬에게 [시큐리티 어택 +1] 부여|-|-|n
186|BT2-064|하이안드로몬|디지몬카드|검정|6|궁극체|백신종|사이보그형|12000|10|2 from Lv.5|-|-|-|-|-|n
187|BT2-065|워그레이몬|디지몬카드|검정|6|궁극체|백신종|용인형|11000|12|3 from Lv.5|-|[블로커] <LB>[재기동]|-|-|-|n
188|BT2-066|파워드라몬|디지몬카드|검정|6|궁극체|바이러스종|머신형|11000|12|4 from Lv.5|-|[블로커] <LB>[등장 시] 상대의 디지몬 2체를 [퇴화 2] 한다.|-|-|-|n
189|BT2-067|피코데블몬|디지몬카드|보라|3|성장기|바이러스종|소악마형|3000|2|0 from Lv.2|-|-|-|-|-|n
190|BT2-068|임프몬|디지몬카드|보라|3|성장기|바이러스종|소악마형|1000|3|0 from Lv.2|-|[소멸 시] 자신의 덱 위에서 3장 파기한다.|-|-|-|n
191|BT2-069|파피몬|디지몬카드|보라|3|성장기|데이터종|파충류형|2000|3|0 from Lv.2|-|-|[소멸 시] [드로 2]|-|-|n
192|BT2-070|테이파몬|디지몬카드|보라|3|성장기|백신종|성수형|2000|3|0 from Lv.2|-|[소멸 시] [드로 1]|-|-|-|n
193|BT2-071|위자몬|디지몬카드|보라|4|성숙기|데이터종|마인형|4000|4|2 from Lv.3|-|[서로의 턴] 황색의 자신의 디지몬이 있을때 이 디지몬은 [길동무]를 얻는다. [소멸 시] [드로 1]|-|-|-|n
194|BT2-072|이블몬|디지몬카드|보라|4|성숙기|바이러스종|소악마형|6000|5|2 from Lv.3|-|[블로커], [어택 시] 메모리를 -2한다.|-|-|-|n
195|BT2-073|가루몬|디지몬카드|보라|4|성숙기|백신종|짐승형|4000|5|2 from Lv.3|-|-|[자신의 턴][턴 1회] 다른 자신의 디지몬이 소멸했을 때 메모리를 +1 한다.|-|-|n
196|BT2-074|데블몬|디지몬카드|보라|4|성숙기|바이러스종|타락천사형|4000|6|2 from Lv.3|-|[길동무]|[길동무]|-|-|n
197|BT2-075|묘티스몬|디지몬카드|보라|5|완전체|바이러스종|언데드형|7000|6|2 from Lv.4|-|-|-|-|-|n
198|BT2-076|펌프몬|디지몬카드|보라|5|완전체|데이터종|퍼펫형|6000|6|3 from Lv.4|-|-|[소멸 시] [드로 2]|-|-|n
199|BT2-077|키메라몬|디지몬카드|보라|5|완전체|데이터종|합성형|7000|7|3 from Lv.4|-|[등장 시] 다른 자신의 디지몬 1체를 소멸시키는 것을로 Lv.5 이하의 상대 디지몬 1체를 소멸시킨다.|-|-|-|n
200|BT2-078|워가루몬|디지몬카드|보라|5|완전체|백신종|수인형|7000|7|3 from Lv.4|-|-|[어택 시] [턴 1회] 다른 자신의 디지몬 1체를 소멸시키는 것으로 이 디지몬을 액티브한다.|-|-|n
201|BT2-079|베놈묘티스몬|디지몬카드|보라|6|궁극체|바이러스종|마수형|12000|12|4 from Lv.5|-|[시큐리티 어택 +1] [상대의 턴] 상대의 디지몬이 레스트 했을 때 메모리 +1한다.|-|-|-|n
202|BT2-080|피에몬|디지몬카드|보라|6|궁극체|바이러스종|마인형|10000|12|3 from Lv.5|-|[길동무][등장 시] 자신의 트래쉬에서 자색 Lv.4 이하의 디지몬 2체를 비용을 지불하지 않고 등장 시킨다. 이 효과로 등장한 디지몬은 [등장 시] 효과를 발동하지 않는다.|-|-|-|n
203|BT2-081|메탈가루몬|디지몬카드|보라|6|궁극체|데이터종|머신형|11000|12|3 from Lv.5|-|[어택 시] 자신의 트래쉬에서 자색 Lv.3의 디지몬 카드 1장을 코스트를 지불하지 않고 등장 시킨다. 이 카드로 등장한 디지몬은 [등장 시] 효과를 발동할 수 없다.|-|-|-|n
204|BT2-082|디아블로몬|디지몬카드|흰색|6|궁극체|불명|종족불명|10000|14|4 from Lv.5|-|[어택 시] [디아블로몬](디지몬, 14코스트 ,LV.6 ,백색 ,궁극체 ,불명 , 종족불명, DP 3000)의 토큰 1체를 코스트를 지불하지 않고 등장시킬 수 있다.|[서로의 턴] 이 디지몬이 배틀로 소멸할때 다른 자신의 디아블로몬 1체를 소멸 시키는 것으로 이 디지몬은 소멸하지 않는다.|-|-|n
205|BT2-082|디아블로몬|디지몬카드|흰색|6|궁극체|불명|종족불명|10000|14|4 from Lv.5|-|[어택 시] [디아블로몬](디지몬, 14코스트 ,LV.6 ,백색 ,궁극체 ,불명 , 종족불명, DP 3000)의 토큰 1체를 코스트를 지불하지 않고 등장시킬 수 있다.|[서로의 턴] 이 디지몬이 배틀로 소멸할때 다른 자신의 디아블로몬 1체를 소멸 시키는 것으로 이 디지몬은 소멸하지 않는다.|-|-|P1
206|BT2-083|밀레니엄몬|디지몬카드|하양|7|궁극체|바이러스종|합성형|13000|15|6 from Lv.6|6 from Lv.6|[진화 시] 상대의 디지몬 1체를 덱의 맨밑에 둔다. 그 디지몬의 다른 진화원은 파기한다. [소멸 시] 이 디지몬이 진화원을 지니고 있었을 때 자신의 트래쉬에서, 이 카드를 코스트를 지불하지 않고 등장시킨다.|-|-|-|n
207|BT2-084|한소라|테이머카드|빨강|-|-|-|-|-|3|-|-|[자신의 턴] 적색의 자신의 디지몬이 상대 플레이어에 어택했을 때 이 테이머를 레스트 시키는 것으로 이 턴 종료 시 까지 그 디지몬의 DP를 +2000한다.|-|-|-|n
208|BT2-085|정석|테이머카드|파랑|-|-|-|-|-|3|-|-|[자신의 턴] 상대 디지몬의 진화원이 파기 되었을 때 이 테이머를 레스트 시키는 것으로 메모리를 +1한다.|-|[시큐리티] 이 카드를 코스트 지불 없이 등장 시킨다.|키도 죠|n
209|BT2-086|시노미야 리나|테이머카드|파랑|-|-|-|-|-|3|-|-|[자신의 턴] 청색의 자신의 디지몬이 어택할 때 이 테이머를 레스트 하는 것으로 이 턴 종료시 까지 그 디지몬의 DP를 +1000한다. <LB>[등장 시] 자신의 덱 위에서 3장을 체크한다. 그 중 이름에 [브이]를 포함한 디지몬 1장을 손패에 추가한다. 다른 카드는 원하는 순서대로 덱 아래에 둔다.|-|[시큐리티] 이 카드를 코스트 지불 없이 등장 시킨다.|-|n
210|BT2-087|신나리|테이머카드|노랑|-|-|-|-|-|3|-|-|[자신의 턴 시작 시] 자신의 시큐리티가 3장 이하일 때 메모리를 +1 한다.|-|[시큐리티] 이 카드를 코스트 지불 없이 등장 시킨다.|야가미 히카리|n
211|BT2-088|타이가|테이머카드|초록|-|-|-|-|-|3|-|-|[자신의 턴] 이름에 [티라노몬]을 포함한 자신의 디지몬 전부에게 [관통]을 부여한다. <LB>[자신의 턴] 자신의 디지몬이 패에서 이름에 [티라노몬]을 포함한 카드로 진화할 때, 이 테이머를 레스트 하는 것으로 진화 코스트를 -1한다.|-|-|-|n
212|BT2-089|신태일|테이머카드|검정|-|-|-|-|-|4|-|-|[자신의 턴 시작 시] 메모리가 2 이하라면 3으로 한다.<LB>[상대의 턴] 자신의 흑색 디지몬의 DP를 +1000한다.|-|[시큐리티] 이 카드를 코스트 지불 없이 등장 시킨다.|야가미 타이치|n
213|BT2-090|매튜|테이머카드|보라|-|-|-|-|-|4|-|-|[자신의 턴 시작 시] 자신의 메모리가 2 이하일 때 3으로 한다. [등장 시] 자신의 트래쉬에서 자색 디지몬이나 자색 옵션 카드 1장을 패에 넣는다.|-|[시큐리티] 이 카드를 코스트 지불하지 않고 등장시킬 수 있다.|-|n
214|BT2-090|매튜|테이머카드|보라|-|-|-|-|-|4|-|-|[자신의 턴 시작 시] 자신의 메모리가 2 이하일 때 3으로 한다.<LB>[등장 시] 자신의 트래쉬에서 자색 디지몬이나 자색 옵션 카드 1장을 패에 넣는다.|-|[시큐리티] 이 카드를 코스트 지불 없이 등장 시킨다.|이시다 야마토|n
215|BT2-091|볼케닉 플레어|옵션카드|빨강|-|-|-|-|-|3|-|-|[메인] DP 4000 이하의 상대 디지몬 1체를 소멸시킨다.|-|[시큐리티] 이 카드의 [메인] 효과를 발동한다.|-|n
216|BT2-092|더블엣지|옵션카드|빨강|-|-|-|-|-|4|-|-|[메인] 이 턴 종료시까지 자신의 디지몬 2체에게 [시큐리티 어택 +1]을 부여한다.|-|-|-|n
217|BT2-093|파이널 엘리시온|옵션카드|빨강|-|-|-|-|-|6|-|-|[메인] DP 5000 이하의 상대의 디지몬 1체를 소멸시킨다. 적색 자신의 테이머가 있다면 대신 DP 8000이하의 상대 디지몬 1체를 소멸 시킨다.|-|[시큐리티] 이 카드의 [메인] 효과를 발동한다.|-|n
218|BT2-094|아크틱 블리자드|옵션카드|파랑|-|-|-|-|-|2|-|-|[메인] 상대의 디지몬 1체의 진화원 중에 1장을 파기한다. 그 후 이 턴 종료 시까지 자신의 디지몬 1체의 DP를 +2000한다.|-|[시큐리티] 이 카드를 패에 넣는다|-|n
219|BT2-095|얼티메이트 스트림|옵션카드|파랑|-|-|-|-|-|3|-|-|[메인] Lv.3의 상대 디지몬 3체 까지 패로 되돌린다. 그 디지몬이 지닌 진화원은 파기한다.|-|-|-|n
220|BT2-096|샤이닝 V 포스|옵션카드|파랑|-|-|-|-|-|5|-|-|[메인] Lv.5 이하의 상대 디지몬 1체를 패로 되돌린다. 그 디지몬이 가진 진화원은 파기한다. 그 후 청색 자신의 테이머가 있다면 자신의 디지몬 1체를 액티브한다.|-|[시큐리티] 이 카드의 [메인] 효과를 발동한다.|-|n
221|BT2-097|고양이 펀치|옵션카드|노랑|-|-|-|-|-|3|-|-|[메인] 이 턴 종료시 까지 상대의 Lv.3 디지몬 3체의 DP를 -4000한다.|-|[시큐리티] 이 카드의 [메인] 효과를 발동한다.|-|n
222|BT2-098|에덴즈 자벨린|옵션카드|노랑|-|-|-|-|-|6|-|-|[메인] [드로 1] 그 후 턴 종료 시까지, 자신의 패 1장마다 상대 디지몬 1체의 DP를 -1000한다.|-|[시큐리티] 이 카드의 [메인] 효과를 발동한다.|-|n
223|BT2-099|글로리어스 버스트|옵션카드|노랑|-|-|-|-|-|9|-|-|황색 자신의 테이머 1장당 패에서 발동하는 이 카드의 메모리를 -1한다.<LB>[메인] 이 턴 종료 시 까지 상대의 디지몬 1체의 DP를 -12000한다.|-|-|-|n
224|BT2-100|피노키 해머|옵션카드|초록|-|-|-|-|-|3|-|-|[메인] 상대 디지몬 1체를 레스트한다. 그 후 이 턴 종료시 까지 자신의 디지몬 1체의 DP를 +2000한다.|-|-|-|n
225|BT2-101|체리 붐|옵션카드|초록|-|-|-|-|-|4|-|-|[메인] DP 6000이하의 상대 디지몬 전부를 레스트한다.|-|[시큐리티] 이 카드의 [메인] 효과를 발동한다.|-|n
226|BT2-102|테라즈 클러스터|옵션카드|초록|-|-|-|-|-|7|-|-|[메인] 레스트 상태의 상대 디지몬 1체를 덱 밑으로 되돌린다. 그 디지몬이 지닌 진화원은 파기한다.|-|[시큐리티] 이 카드의 [메인] 효과를 발동한다.|-|n
227|BT2-103|스파이럴 소드|옵션카드|검정|-|-|-|-|-|1|-|-|[메인] 이 턴 종료 시 까지 자신의 디지몬 1체의 DP를 +3000한다.|-|[시큐리티] [블로커]를 지닌 자신의 디지몬 1체를 액티브 상태로 한다.|-|n
228|BT2-104|아토믹레이|옵션카드|검정|-|-|-|-|-|3|-|-|[메인] [블로커] 를 지닌 자신의 디지몬 1체를 액티브한다.|-|[시큐리티] [블로커]를 지닌 자신의 디지몬 전부를 액티브하고 그 턴 종료시까지 DP를 +5000한다.|-|n
229|BT2-105|헬즈 그레네이드|옵션카드|검정|-|-|-|-|-|3|-|-|[메인] 상대의 디지몬 1체를 [퇴화 1]한다.|-|[시큐리티] 이 카드의 [메인] 효과를 발동한다.|-|n
230|BT2-106|∞ 캐논|옵션카드|검정|-|-|-|-|-|6|-|-|[메인] 상대 디지몬 1체를 [퇴화 4] 한다.|-|[시큐리티] 이 카드의 [메인] 효과를 발동한다.|-|n
231|BT2-107|다크니스 클로|옵션카드|보라|-|-|-|-|-|1|-|-|[메인] 이 턴 종료시 까지 자신의 디지몬 1체의 DP를 +3000한다|-|[시큐리티] 메모리를 +2한다.|-|n
232|BT2-108|나이트 레이드|옵션카드|보라|-|-|-|-|-|2|-|-|[메인] 자신의 트래쉬에서 자색 Lv.3의 디지몬카드 1장을 코스트 지불하지 않고 등장시킨다. 이 효과로 등장한 디지몬의 [등장 시]효과는 발동하지 않는다.|-|[시큐리티] 이 카드의 [메인] 효과를 발동한다.|-|n
233|BT2-109|히트 바이퍼|옵션카드|보라|-|-|-|-|-|5|-|-|[메인] 자신의 디지몬 1체를 소멸시키는 것으로, Lv4 이하의 상대 디지몬 2체 까지 소멸시킨다.|-|[시큐리티] 이 카드를 패에 넣는다.|-|n
234|BT2-110|트럼프 소드|옵션카드|보라|-|-|-|-|-|7|-|-|[메인] 액티브 상태의 상대의 디지몬 1체를 소멸시킨다|-|[시큐리티] 이 카드의 [메인] 효과를 발동한다.|-|n
235|BT2-111|베르제브몬|디지몬카드|보라|6|궁극체|바|마왕형/칠대마왕|11000|12|4 from Lv.5|-|자신의 트래쉬가 10장 이상 있을 때 자신의 [임프몬]은 패의 이 카드에 진화조건을 무시하고 코스트4를 지불하고 진화한다. [진화 시] Lv.4 이하의 상대 디지몬 1체를 소멸시킨다.|-|-|-|n
236|BT2-112|블랙워그레이몬|디지몬카드|검정|6|궁극체|바이러스종|용인형|12000|13|4 from Lv.5|-|DP 10000 이상의 상대 디지몬이 있다면 패의 이 카드를 등장시켰을 때 지불하는 등장 코스트를 -6한다. <LB>[어택 시] 가장 DP가 높은 상대 디지몬에게 어택했을 때 이 디지몬을 액티브한다.|-|-|-|n
237|BT5-005|츠메몬|디지타마카드|검정|2|유년기|-|종족불명|-|-|-|-|-|[어택 시] [턴 1회] 이 디지몬의 특성에 [종족불명]이 있을 경우 [드로 1]|-|-|n
238|BT5-059|케라몬|디지몬카드|검정|3|성장기|불명|종족불명|2000|3|0 from Lv.2|-|[등장 시] 자신의 덱 위에서 5장을 오픈한다. 그중 특성에 [종족불명]을 지닌 디지몬카드와 [사나다 아라타] 1장씩을 패에 추가한다. 남은 카드는 좋아하는 순서로 덱 밑에 되돌린다. |-|-|-|n
239|BT5-063|크리사리몬|디지몬카드|검정|4|성숙기|불명|종족불명|4000|5|2 from Lv.3|-|[진화 시] 자신의 [사나다 아라타]가 없을 때, 자신의 패에서[사나다 아라타]1장을 코스트를 지불하지 않고 등장시킬 수 있다.|[자신의 턴] 이 디지몬과 같은 명칭의 다른 자신의 디지몬 전체는 [속공]을 얻는다.|-|쿠리사리몬|n
240|BT5-067|인펠몬|디지몬카드|검정|5|완전체|불명|종족불명|6000|7|3 from Lv.4|-|자신의[케라몬]은 패의 이 카드에 진화 조건을 무시하고 진화 코스트 4로 진화할 수 있다.|[소멸 시][디아블로몬](디지몬, 14코스트 ,LV.6 ,백색 ,궁극체 ,불명 , 종족불명, DP 3000)의 토큰 1체를 코스트를 지불하지 않고 등장시킬 수 있다.|-|-|n
241|BT5-084|디아블로몬|디지몬카드|흰색|6|궁극체|불명|종족불명|11000|11|3 from Lv.5|-|[진화 시] [디아블로몬](디지몬, 14코스트 ,LV.6 ,백색 ,궁극체 ,불명 , 종족불명, DP 3000)의 토큰 1체를 코스트를 지불하지 않고 등장시킬 수 있다.|-|-|-|n
242|EX1-044|케라몬|디지몬카드|검정|3|성장기|불명|종족불명|2000|3|0 from Lv.2|-|-|[자신의 턴] 이 디지몬과 같은 명칭의 다른 자신의 디지몬 1체당 이 디지몬의 DP를 + 1000 한다.|-|-|n
243|EX1-046|크리사리몬|디지몬카드|검정|4|성숙기|불명|종족불명|5000|4|2 from Lv.3|-|[자신의 턴] [턴 1회]이 디지몬과 같은 명칭의 다른 자신의 디지몬 1체가 소멸했을 때, 이 디지몬을 액티브한다.|-|-|-|n
244|EX1-051|인펠몬|디지몬카드|검정|5|완전체|불명|종족불명|7000|8|3 from Lv.4|-|[상대의 턴]상대의 디지몬이 LV.5이상의 디지몬에 진화했을 때, 메모리를 + 1 한다.|[서로의 턴]이 디지몬과 같은 명칭의 다른 자신의 디지몬 전체의 DP를 + 2000 한다.|-|-|n
245|EX1-065|디아블로몬|디지몬카드|흰색|6|궁극체|불명|종족불명|11000|12|3 from Lv.5|-|[상대의 턴]자신의[디아블로몬]전체는[블록커]를 얻는다.|-|[시큐리티]배틀 종료시[디아블로몬](디지몬, 14코스트 ,LV.6 ,백색 ,궁극체 ,불명 , 종족불명, DP 3000)의 토큰 1체를 코스트를 지불하지않고 등장시킬 수 있다.|-|n
246|EX1-065|디아블로몬|디지몬카드|흰색|6|궁극체|불명|종족불명|11000|12|3 from Lv.5|-|[상대의 턴]자신의[디아블로몬]전체는[블록커]를 얻는다.|-|[시큐리티]배틀 종료시[디아블로몬](디지몬, 14코스트 ,LV.6 ,백색 ,궁극체 ,불명 , 종족불명, DP 3000)의 토큰 1체를 코스트를 지불하지않고 등장시킬 수 있다.|-|P1
247|P-016|디아블로몬|디지몬카드|검정|6|궁극체|불명|종족불명|11000|11|3 from Lv.5|-|[자신의 턴]자신의[디아블로몬]1체당 이 디지몬은[시큐리티 어택 + 1](이 디지몬이 체크하는 시큐리티의 매수 + 1)을 얻는다.|-|-|-|n
248|ST1-01|코로몬|디지타마카드|빨강|2|유년기|-|렛서형|-|-|-|-|-|[자신의 턴] 이 디지몬의 진화 소재가 4장 이상일 경우, 이 디지몬의 DP를 + 1000한다.|-|Koromon|n
249|ST1-02|피요몬|디지몬카드|빨강|3|성장기|백신종|아기새형|3000|2|0 from Lv.2|-|-|-|-|PIYOMON, Biyomon|n
250|ST1-02|피요몬|디지몬카드|빨강|3|성장기|백신종|아기새형|3000|2|0 from Lv.2|-|-|-|-|PIYOMON, Biyomon|P1
251|ST1-03|아구몬|디지몬카드|빨강|3|성장기|백신종|파충류형|2000|3|0 from Lv.2|-|-|[자신의 턴] 이 디지몬의 DP를 +1000한다.|-|Agumon|n
252|ST1-04|드라코몬|디지몬카드|빨강|3|성장기|데이터종|용형|4000|3|0 from Lv.2|-|-|-|-|Dracomon|n
253|ST1-05|버드라몬|디지몬카드|빨강|4|성숙기|백신종|거대새형|5000|4|2 from Lv.3|-|-|-|-|Birdramon|n
254|ST1-06|코어드라몬|디지몬카드|빨강|4|성숙기|바이러스종|용형|6000|5|2 from Lv.3|-|[블로커], [어택 시] 메모리를 -2한다.|-|-|Coredramon|n
255|ST1-07|그레이몬|디지몬카드|빨강|4|성숙기|백신종|공룡형|4000|5|2 from Lv.3|-|-|[시큐리티 어택 +1]|-|Greymon|n
256|ST1-07|그레이몬|디지몬카드|빨강|4|성숙기|백신종|공룡형|4000|5|2 from Lv.3|-|-|[시큐리티 어택 +1]|-|Greymon|P1
257|ST1-08|가루다몬|디지몬카드|빨강|5|완전체|백신종|조인형|7000|6|3 from Lv.4|-|[진화 시] 이 턴 중, 자신의 디지몬 1체의 DP를 +3000한다.|-|-|Garudamon|n
258|ST1-08|가루다몬|디지몬카드|빨강|5|완전체|백신종|조인형|7000|6|3 from Lv.4|-|[진화 시] 이 턴 중, 자신의 디지몬 1체의 DP를 +3000한다.|-|-|Garudamon|P1
259|ST1-09|메탈그레이몬|디지몬카드|빨강|5|완전체|백신종|사이보그형|7000|7|3 from Lv.4|-|-|[자신의 턴] 이 디지몬이 블록당했을 때, 메모리를 +3한다.|-|Metalgreymon|n
260|ST1-09|메탈그레이몬|디지몬카드|빨강|5|완전체|백신종|사이보그형|7000|7|3 from Lv.4|-|-|[자신의 턴] 이 디지몬이 블록당했을 때, 메모리를 +3한다.|-|Metalgreymon|P1
261|ST1-09|메탈그레이몬|디지몬카드|빨강|5|완전체|백신종|사이보그형|7000|7|3 from Lv.4|-|-|[자신의 턴] 이 디지몬이 블록당했을 때, 메모리를 +3한다.|-|Metalgreymon|P2
262|ST1-10|호우호우몬|디지몬카드|빨강|6|궁극체|백신종|성수형|12000|10|2 from Lv.5|-|-|-|-|페닉스몬, 피닉스몬, Hououmon, Phoenixmon|n
263|ST1-10|호우호우몬|디지몬카드|빨강|6|궁극체|백신종|성수형|12000|10|2 from Lv.5|-|-|-|-|페닉스몬, 피닉스몬, Hououmon, Phoenixmon|P1
264|ST1-11|워그레이몬|디지몬카드|빨강|6|궁극체|백신종|용인형|12000|12|4 from Lv.5|-|-|[자신의 턴] 이 디지몬의 진화 소재 2장당, 이 디지몬은 [시큐리티 어택 +1]을 얻는다.|-|Wargreymon|n
265|ST1-11|워그레이몬|디지몬카드|빨강|6|궁극체|백신종|용인형|12000|12|4 from Lv.5|-|-|[자신의 턴] 이 디지몬의 진화 소재 2장당, 이 디지몬은 [시큐리티 어택 +1]을 얻는다.|-|Wargreymon|P1
266|ST1-12|신태일|테이머카드|빨강|-|-|-|-|-|-|-|-|[자신의 턴] 자신의 디지몬 전부의 DP를 +1000한다.||[시큐리티] 이 카드를 코스트 지불하지 않고 등장시킬 수 있다.|타이치, 야가미 타이치, Taichi|n
267|ST1-13|섀도우 윙|옵션카드|빨강|-|-|-|-|-|1|-|-|[메인] 이 턴 중, 자신의 디지몬 1체의 DP를 +3000한다.|-|[시큐리티] 다음 자신의 턴 종료시까지 자신의 디지몬 전부는 [시큐리티 어택 +1]을 얻는다.|Shadow wing|n
268|ST1-14|스타라이트 익스플로전|옵션카드|빨강|-|-|-|-|-|2|-|-|[메인] 다음 상대의 턴 종료시까지 자신의 시큐리티 디지몬 전부의 DP를 +7000한다.|-|[시큐리티] 이 턴 중, 자신의 시큐리티 디지몬 전부의 DP를 +7000한다.|Starlite explosion|n
269|ST1-15|기가 디스트로이어|옵션카드|빨강|-|-|-|-|-|6|-|-|[메인] DP 4000 이하의 상대의 디지몬 2체를 소멸시킨다.|-|[시큐리티] 이 카드의 [메인] 효과를 발휘한다.|Giga destroyer|n
270|ST1-16|가이아포스|옵션카드|빨강|-|-|-|-|-|8|-|-|[메인] 상대의 디지몬 1체를 소멸시킨다.|-|[시큐리티] 이 카드의 [메인] 효과를 발휘한다.|Gaia force|n
271|ST1-16|가이아포스|옵션카드|빨강|-|-|-|-|-|8|-|-|[메인] 상대의 디지몬 1체를 소멸시킨다.|-|[시큐리티] 이 카드의 [메인] 효과를 발휘한다.|Gaia force|P1
272|ST2-01|뿔몬|디지타마카드|파랑|2|유년기|-|렛서형|-|-|-|-|-|[자신의 턴] 진화원을 지니지 않은 상대의 디지몬과 배틀할 때, 이 디지몬의 DP를 + 1000한다.|-|Tsunomon|n
273|ST2-02|쉬라몬|디지몬카드|파랑|3|성장기|백신종|해수형|3000|2|0 from Lv.2|-|-|-|-|Gomamon|n
274|ST2-02|쉬라몬|디지몬카드|파랑|3|성장기|백신종|해수형|3000|2|0 from Lv.2|-|-|-|-|Gomamon|P1
275|ST2-03|파피몬|디지몬카드|파랑|3|성장기|데이터종|파충류형|2000|3|0 from Lv.2|-|-|[어택 시] 레벨 5이하의 상대 디지몬 1체의 진화 소재를, 아래에서 1장 파기한다.|-|가부몬, Gabumon|n
276|ST2-04|베어몬|디지몬카드|파랑|3|성장기|백신종|짐승형|4000|3|0 from Lv.2|-|-|-|-|Grizzlymon|n
277|ST2-05|원뿔몬|디지몬카드|파랑|4|성숙기|백신종|바다짐승형|5000|4|2 from Lv.3|-|-|-|-|Ikkakumon|n
278|ST2-06|가루몬|디지몬카드|파랑|4|성숙기|백신종|짐승형|4000|5|2 from Lv.3|-|-|[어택 시] 상대 디지몬 1체의 진화원을 아래에서 1장 파기한다.|-|가루루몬, Garurumon|n
279|ST2-06|가루몬|디지몬카드|파랑|4|성숙기|백신종|짐승형|4000|5|2 from Lv.3|-|-|[어택 시] 상대 디지몬 1체의 진화원을 아래에서 1장 파기한다.|-|가루루몬, Garurumon|P1
280|ST2-07|그리즈몬|디지몬카드|파랑|4|성숙기|백신종|짐승형|6000|5|2 from Lv.3|-|[블로커], [어택 시] 메모리를 -2한다.|-|-|Grizzlymon|n
281|ST2-07|그리즈몬|디지몬카드|파랑|4|성숙기|백신종|짐승형|6000|5|2 from Lv.3|-|[블로커], [어택 시] 메모리를 -2한다.|-|-|Grizzlymon|P1
282|ST2-08|워가루몬|디지몬카드|파랑|5|완전체|백신종|수인형|7000|7|3 from Lv.4|-|-|[자신의 턴] 진화 소재를 지니지 않은 상대의 디지몬이 존재한다면, 이 디지몬은 [시큐리티 어택 +1]을 얻는다.|-|워가루루몬, WereGarurumon|n
283|ST2-08|워가루몬|디지몬카드|파랑|5|완전체|백신종|수인형|7000|7|3 from Lv.4|-|-|[자신의 턴] 진화 소재를 지니지 않은 상대의 디지몬이 존재한다면, 이 디지몬은 [시큐리티 어택 +1]을 얻는다.|-|워가루루몬, WereGarurumon|P1
284|ST2-08|워가루몬|디지몬카드|파랑|5|완전체|백신종|수인형|7000|7|3 from Lv.4|-|-|[자신의 턴] 진화 소재를 지니지 않은 상대의 디지몬이 존재한다면, 이 디지몬은 [시큐리티 어택 +1]을 얻는다.|-|워가루루몬, WereGarurumon|P2
285|ST2-09|쥬드몬|디지몬카드|파랑|5|완전체|백신종|바다짐승형|7000|6|3 from Lv.4|-|[진화 시] 상대의 디지몬 1체의 진화원을 아래에서 2장 파기한다.|-|-|Zudomon|N
286|ST2-09|쥬드몬|디지몬카드|파랑|5|완전체|백신종|바다짐승형|7000|6|3 from Lv.4|-|[진화 시] 상대의 디지몬 1체의 진화원을 아래에서 2장 파기한다.|-|-|Zudomon|P1
287|ST2-10|플레시오몬|디지몬카드|파랑|6|궁극체|데이터종|수장룡형|12000|10|2 from Lv.5|-|-|-|-|프레시오몬, Plesiomon|N
288|ST2-11|메탈가루몬|디지몬카드|파랑|6|궁극체|데이터종|사이보그형|11000|12|4 from Lv.5|-|[어택 시] [턴 1회] 이 디지몬을 액티브한다.|-|-|메탈가루루몬, MetalGarurumon|N
289|ST2-12|매튜|테이머카드|파랑|-|-|-|-|-|2|-|-|[자신의 턴 시작 시] 진화원이 없는 상대 디지몬이 있다면, 메모리를 +1한다.|-|[시큐리티] 이 카드를 코스트 지불하지 않고 등장시킬 수 있다.|이시다 야마토, Yamato Ishida|N
290|ST2-13|햄머스파크|옵션카드|파랑|-|-|-|-|-|0|-|-|[메인] 메모리를 +1한다.||[시큐리티] 메모리를 +2한다.|Vulcan's Hammer|N
291|ST2-13|햄머스파크|옵션카드|파랑|-|-|-|-|-|0|-|-|[메인] 메모리를 +1한다.||[시큐리티] 메모리를 +2한다.|Vulcan's Hammer|P1
292|ST2-14|소로블루|옵션카드|파랑|-|-|-|-|-|2|-|-|[메인] 진화 소재가 없는 상대의 디지몬 1체를 선택한다. 그 디지몬은 다음 상대의 턴 종료 시까지 공격하거나 블록할 수 없다.||[시큐리티] 진화 소재가 없는 상대의 디지몬 1체를 선택한다. 그 디지몬은 다음 상대의 턴 종료 시까지 공격하거나 블록할 수 없다.|Sorrow Blue|N
293|ST2-15|카이저네일|옵션카드|파랑|-|-|-|-|-|4|-|-|[메인] 자신의 디지몬 1체의 진화소재에서 디지몬 카드를 1장까지 선택하고, 그 디지몬을 코스트를 지불하지 않고 별개의 디지몬으로 등장시킨다.|-|[시큐리티] 이 카드의 [메인] 효과를 발휘한다.|Kaiser Nail|N
294|ST2-16|코큐도스 브레스|옵션카드|파랑|-|-|-|-|-|7|-|-|[메인] 상대 디지몬 1체를 패로 되돌린다. 그 디지몬의 진화 소재는 전부 파기한다.|-|[시큐리티] 이 카드의 [메인] 효과를 발휘한다.|Cocytus Breath|N
295|ST3-01|토코몬|디지카마카드|노랑|2|유년기|-|렛서형|-|-|-|-|-|[자신의 턴] [턴 1회] 상대의 디지몬이 DP가 0이 되어 소멸되었을 때, 이 턴중 이 디지몬의 DP를 +1000한다.|-|Tokomon|n
296|ST3-02|플롯트몬|디지몬카드|노랑|3|성장기|백신종|포유류형|3000|2|0 from Lv.2|-|-|-|-|Salamon|n
297|ST3-03|테이파몬|디지몬카드|노랑|3|성장기|백신종|성수형|4000|3|0 from Lv.2|-|-|-|-|Tapirmon|n
298|ST3-04|파닥몬|디지몬카드|노랑|3|성장기|데이터종|포유류형|1000|3|0 from Lv.2|-|-|[자신의 턴] [턴 1회] 상대의 디지몬이 DP가 0이 되어 소멸했다면, 메모리를 +1한다.|-|Patamon|n
299|ST3-05|엔젤몬|디지몬카드|노랑|4|성숙기|백신종|천사형|4000|5|2 from Lv.3|-|-|[어택 시] 자신의 시큐리티가 4장 이상인 경우, 메모리를 +1한다.|-|Angemon|n
300|ST3-05|엔젤몬|디지몬카드|노랑|4|성숙기|백신종|천사형|4000|5|2 from Lv.3|-|-|[어택 시] 자신의 시큐리티가 4장 이상인 경우, 메모리를 +1한다.|-|Angemon|P1
301|ST3-05|엔젤몬|디지몬카드|노랑|4|성숙기|백신종|천사형|4000|5|2 from Lv.3|-|-|[어택 시] 자신의 시큐리티가 4장 이상인 경우, 메모리를 +1한다.|-|Angemon|P2
302|ST3-06|가트몬|디지몬카드|노랑|4|성숙기|백신종|성수형|5000|4|2 from Lv.3|-|-|-|-|Gatomon|n
303|ST3-07|유니몬|디지몬카드|노랑|4|성숙기|백신종|환수형|6000|5|2 from Lv.3|-|[블로커], [어택 시] 메모리를 -2한다.|-|-|Unimon|n
304|ST3-07|유니몬|디지몬카드|노랑|4|성숙기|백신종|환수형|6000|5|2 from Lv.3|-|[블로커], [어택 시] 메모리를 -2한다.|-|-|Unimon|P1
305|ST3-08|홀리엔젤몬|디지몬카드|노랑|5|완전체|백신종|대천사형|7000|7|3 from Lv.4|-|-|[어택 시] 이 턴 중, 상대의 디지몬 1체의 DP를 -1000한다|-|MagnaAngemon|n
306|ST3-08|홀리엔젤몬|디지몬카드|노랑|5|완전체|백신종|대천사형|7000|7|3 from Lv.4|-|-|[어택 시] 이 턴 중, 상대의 디지몬 1체의 DP를 -1000한다|-|MagnaAngemon|P1
307|ST3-08|홀리엔젤몬|디지몬카드|노랑|5|완전체|백신종|대천사형|7000|7|3 from Lv.4|-|-|[어택 시] 이 턴 중, 상대의 디지몬 1체의 DP를 -1000한다|-|MagnaAngemon|P2
308|ST3-09|엔젤우몬|디지몬카드|노랑|5|완전체|백신종|대천사형|7000|6|3 from Lv.4|-|[진화 시] 자신의 시큐리티가 3장 이하라면 [리커버리 +1]한다.|-|-|Angewomon|n
309|ST3-09|엔젤우몬|디지몬카드|노랑|5|완전체|백신종|대천사형|7000|6|3 from Lv.4|-|[진화 시] 자신의 시큐리티가 3장 이하라면 [리커버리 +1]한다.|-|-|Angewomon|P1
310|ST3-10|홀리드라몬|디지몬카드|노랑|6|궁극체|백신종|성룡형|12000|10|2 from Lv.5|-|-|-|-|Magnadramon, 마그나드라몬|n
311|ST3-11|세라피몬|디지몬카드|노랑|6|궁극체|백신종|지천사형|10000|12|4 from Lv.5|-|[어택 시] 이 턴 중, 상대의 디지몬 1체의 DP를 -4000한다.|-|-|Seraphimon|n
312|ST3-12|리키|테이머카드|노랑|-|-|-|-|-|2|-|-|[상대의 턴] 자신의 시큐리티 디지몬 전부의 DP를 +2000한다|-|[시큐리티] 이 카드를 코스트 지불하지 않고 등장시킬 수 있다.|타케이시 타케루, Takeru Takaishi|n
313|ST3-13|헤븐즈게이트|옵션카드|노랑|-|-|-|-|-|1|-|-|[메인] 이 턴 중, 자신의 디지몬 1체의 DP를 +3000한다.|-|[시큐리티] 이 턴 중, 자신의 모든 디지몬과 시큐리티 디지몬의 DP를 +5000한다. 그 후 이 카드를 패에 추가한다.|Heaven's Gate|n
314|ST3-14|헤븐즈참|옵션카드|노랑|-|-|-|-|-|2|-|-|[메인] 자신의 턴 중, 상대의 디지몬 1체의 DP를 -2000한다.|-|[시큐리티] 이 카드를 패에 추가한다.|Heaven's Charm|n
315|ST3-15|홀리프레임|옵션카드|노랑|-|-|-|-|-|2|-|-|[메인] 다음 상대의 턴 종료시까지, 상대의 디지몬 1체에게 [시큐리티 어택 -3]을 부여한다.|-|[시큐리티] 이 턴 중, 상대의 디지몬 전부에게 [시큐리티 어택 -1]을 부여한다.|Holy Flame|n
316|ST3-16|세븐헤븐즈|옵션카드|노랑|-|-|-|-|-|7|-|-|[메인] 이 턴 중, 상대 디지몬 1체의 DP를 -10000한다.|-|[시큐리티] 이 카드의 [메인] 효과를 발휘한다.|Seven Heavens|n
317|ST4-01|모티몬|디지타마카드|초록|2|유년기|-|렛서형|-|-|-|-|-|[자신의 턴] 이 디지몬이 Lv6 이상일 동안, 이 디지몬의 DP를 +1000 한다|-|Motimon|n
318|ST4-02|플로라몬|디지몬카드|초록|3|성장기|데이터종|식물형|4000|2|1 from Lv.2|-|-|-|-|Floramon|n
319|ST4-03|텐타몬|디지몬카드|초록|3|성장기|백신종|곤충형|2000|3|0 from Lv.2|-|[등장 시] 자신의 덱 위에서 1장 오픈한다. 그 카드가 녹색의 디지몬카드 였다면 패에 추가한다. 남은 카드는 덱 밑에 둔다.|-|-|Tentomon|n
320|ST4-03|텐타몬|디지몬카드|초록|3|성장기|백신종|곤충형|2000|3|0 from Lv.2|-|[등장 시] 자신의 덱 위에서 1장 오픈한다. 그 카드가 녹색의 디지몬카드 였다면 패에 추가한다. 남은 카드는 덱 밑에 둔다.|-|-|Tentomon|P1
321|ST4-04|팔몬|디지몬카드|초록|3|성장기|데이터종|식물형|2000|3|0 from Lv.2|-|-|[어택시] 상대의 디지몬에게 어택했을때, 이 턴 종료시까지 이 디지몬의 DP를 +2000 한다|-|Palmon|n
322|ST4-05|쿠네몬|디지몬카드|초록|3|성장기|바이러스종|곤충형|5000|4|0 from Lv.2|-|-|-|-|Kunemon|n
323|ST4-06|니드몬|디지몬카드|초록|4|성숙기|데이터종|식물형|4000|4|2 from Lv.3|-|-|[어택시] 상대의 디지몬에게 어택했을때, 이 턴 종료시까지 이 디지몬의 DP를 +2000 한다|-|Togemon|n
324|ST4-07|쿠가몬|디지몬카드|초록|4|성숙기|바이러스종|곤충형|6000|5|2 from Lv.3|-|-|-|-|Kuwagamon|n
325|ST4-08|캅테리몬|디지몬카드|초록|4|성숙기|백신종|곤충형|5000|6|1 from Lv.3|-|[블로커], [어택 시] 메모리를 -2한다.|-|-|Kabuterimon|n
326|ST4-09|왕쿠가몬|디지몬카드|초록|5|완전체|바이러스종|곤충형|7000|6|2 from Lv.4|-|-|-|-|Okuwamon|n
327|ST4-10|릴리몬|디지몬카드|초록|5|완전체|데이터종|요정형|7000|6|3 from Lv.4|-|[진화 시] 자신의 덱 위에서 5장 오픈한다. 그중 Lv6 이상의 디지몬 카드 1장을 패에 추가한다. 남은 카드는 원하는 순서대로 덱 밑에 둔다|-|-|Lillymon|n
328|ST4-10|릴리몬|디지몬카드|초록|5|완전체|데이터종|요정형|7000|6|3 from Lv.4|-|[진화 시] 자신의 덱 위에서 5장 오픈한다. 그중 Lv6 이상의 디지몬 카드 1장을 패에 추가한다. 남은 카드는 원하는 순서대로 덱 밑에 둔다|-|-|Lillymon|P1
329|ST4-11|아트라캅테리몬|디지몬카드|초록|5|완전체|백신종|곤충형|7000|7|3 from Lv.4|-|-|[자신의 턴][턴 1회] 이 디지몬이 배틀로 상대의 디지몬 만을 소멸시켰을때, 상대의 시큐리티를 위에서 부터 1장 파기한다|-|MegaKabuterimon|n
330|ST4-12|로제몬|디지몬카드|초록|6|궁극체|데이터종|요정형|11000|10|3 from Lv.5|-|[진화 시] 다음 상대의 턴 종료시까지 상대의 디지몬 1체는 어택과 블록을 할수 없다|-|-|Rosemon|n
331|ST4-13|헤라클레스캅테리몬|디지몬카드|초록|6|궁극체|백신종|곤충형|12000|12|4 from Lv.5|-|[관통], [메인][디지버스트 2] 상대의 디지몬 1체를 레스트 시킨다.|-|-|HerculesKabuterimon|n
332|ST4-14|장한솔|테이머카드|초록|-|-|-|-|-|2|-|-|[자신의 턴] 상대의 디지몬이 레스트 했을때, 이 테이머를 레스트 하는 것으로, 메모리 +1 한다. |-|[시큐리티] 이 카드를 코스트를 지불하지 않고 등장시킨다 |Izzy Izumi|n
333|ST4-15|치쿠치쿠 방방|옵션카드|초록|-|-|-|-|-|2|-|-|[메인] 상대의 디지몬 1체를 레스트 한다.|-|[시큐리티] 이 카드의 [메인] 효과를 발휘한다. 그후, 이 카드를 패에 추가한다|Needle Spray|n
334|ST4-16|메가 블래스터|옵션카드|초록|-|-|-|-|-|5|-|-|[메인] 레스트 상태의 상대의 디지몬 1체를 패로 되돌린다. 그 디지몬이 지니고 있던 진화원은 파기한다. |-|[시큐리티] 이 카드의 [메인] 효과를 발휘한다|Electro Shocker|n
335|ST5-01|카프리몬|디지타마카드|검정|2|유년기|-|렛서형|-|-|-|-|-|[자신의 턴] 이 디지몬이 [블로커]를 지니고 있는 동안 이 디지몬의 DP를 +1000 한다|-|Kapurimon|n
336|ST5-02|쟈자몬|디지몬카드|검정|3|성장기|데이터종|기룡형|4000|2|1 from Lv.2|-|-|-|-|Jazamon|n
337|ST5-03|아구몬|디지몬카드|검정|3|성장기|백신종|파충류형|1000|3|0 from Lv.2|-|[블로커]|-|-|Agumon|n
338|ST5-03|아구몬|디지몬카드|검정|3|성장기|백신종|파충류형|1000|3|0 from Lv.2|-|[블로커]|-|-|Agumon|P1
339|ST5-04|토이아구몬|디지몬카드|검정|3|성장기|바이러스종|퍼펫형|2000|3|0 from Lv.2|-|-|[상대의 턴 종료시] 이턴 동안 상대의 디지몬이 한번도 어택하지 않았다면 [1드로]|-|ToyAgumon|n
340|ST5-05|코만드라몬|디지몬카드|검정|3|성장기|바이러스종|사이보그형/D-브리가드|5000|4|0 from Lv.2|-|-|-|-|Commandramon|n
341|ST5-06|그레이몬|디지몬카드|검정|4|성숙기|바이러스종|공룡형|4000|4|2 from Lv.3|-|-|[상대의 턴 종료시] 이턴 동안 상대의 디지몬이 한번도 어택하지 않았다면 [1드로]|-|Greymon|n
342|ST5-07|쟈자드몬|디지몬카드|검정|4|성숙기|데이터종|기룡형|6000|5|2 from Lv.3|-|-|-|-|Jazardmon|n
343|ST5-08|다크티라노몬|디지몬카드|검정|4|성숙기|바이러스종|공룡형|5000|6|1 from Lv.3|-|[블로커], [어택 시] 메모리를 -2한다.|-|-|DarkTyrannomon|n
344|ST5-09|메탈그레이몬|디지몬카드|검정|5|완전체|바이러스종|사이보그형|7000|6|3 from Lv.4|-|[진화시] 다음 자신의 턴 종료시까지, 자신의 디지몬 1체에게 [블로커]를 준다.|-|-|MetalGreymon|n
345|ST5-10|메탈티라노몬|디지몬카드|검정|5|완전체|바이러스종|사이보그형|9000|6|3 from Lv.4|-|-|-|-|MetalTyrannomon|n
346|ST5-11|메가드라몬|디지몬카드|검정|5|완전체|바이러스종|사이보그형|7000|7|3 from Lv.4|-|-|[블로커]|-|Megadramon|n
347|ST5-12|파워드라몬|디지몬카드|검정|6|궁극체|바이러스종|머신형|11000|10|3 from Lv.5|-|[진화시] 다음 상대의 턴 종료시까지 자신의 디지몬 2체까지에게 [재기동]을 준다.|-|-|Machinedramon, 무겐드라몬|n
348|ST5-13|블리츠그레이몬|디지몬카드|검정|6|궁극체|바이러스종|사이보그형|12000|12|4 from Lv.5|-|[시큐리티 어택 +1], [메인][디지버스트 2] 다음 상대의 턴 종료 시까지, 자신의 디지몬 1체의 DP를 +4000한다.|-|-|BlitzGreymon|n
349|ST5-14|신태일|테이머카드|검정|-|-|-|-|-|2|-|-|[상대의 턴] 자신의 디지몬이 [블로커]를 사용해서 레스트 했을때, 이 테이머를 레스트 하는 것으로 자신의 디지몬 1체를 액티브로 한다. |-|[시큐리티] 이 카드를 코스트를 지불하지 않고 등장시킨다 |야가미 타이치, Tai Kamiya|n
350|ST5-15|레이저 아이|옵션카드|검정|-|-|-|-|-|4|-|-|[메인] 상대의 디지몬 2체까지를 [퇴화1]한다.|-|[시큐리티] 이 카드의 [매인] 효과를 발휘한다.|Laser Eye|n
351|ST5-16|제노사이드 어택|옵션카드|검정|-|-|-|-|-|5|-|-|[메인] 등장 코스트 7 이하의 상대의 디지몬 1체를 소멸시킨다.  |-|[시큐리티] 이 카드의 [메인] 효과를 발휘한다|Dark Side Attack|n
352|ST6-01|퍼그몬|디지타마카드|보라|2|유년기|-|렛서형|-|-|-|-|-|[소멸 시] 자신의 덱의 위에서 부터 2장 파기한다|-|Pagumon|n
353|ST6-02|피코데블몬|디지몬카드|보라|3|성장기|바이러스종|소악마형|4000|2|1 from Lv.2|-|-|-|-|DemiDevimon|n
354|ST6-03|파피몬|디지몬카드|보라|3|성장기|데이터종|파충류형|2000|3|0 from Lv.2|-|-|[어택 시][드로 1] 그후, 자신의 패에서 1장을 파기한다.|-|가부몬, Gabumon|n
355|ST6-04|드라큐몬|디지몬카드|보라|3|성장기|바이러스종|언데드형|2000|3|0 from Lv.2|-|[등장시] 자신의 트래쉬에서 자색의 사용 코스트 1이나 7의 옵션 카드 1장을 패에 추가한다.|-|-|Dracmon|n
356|ST6-05|에렉몬|디지몬카드|보라|3|성장기|바이러스종|포유류형|5000|3|0 from Lv.2|-|-|-|-|Elecmon|n
357|ST6-06|가루몬|디지몬카드|보라|4|성숙기|바이러스종|짐승형|4000|4|2 from Lv.3|-|-|[어택 시][드로 1] 그후, 자신의 패에서 1장을 파기한다|-|가루루몬, Garurumon|n
358|ST6-07|요우코몬|디지몬카드|보라|4|성숙기|데이터종|요수형|6000|5|2 from Lv.3|-|-|-|-|Youkomon|n
359|ST6-08|데블몬|디지몬카드|보라|4|성숙기|바이러스종|타락천사형|5000|6|1 from Lv.3|-|[블로커], [어택 시] 메모리를 -2한다.|-|-|Devimon|n
360|ST6-09|큐우키몬|디지몬카드|보라|5|완전체|바이러스종|요수형|9000|6|3 from Lv.4|-|-|-|-|Kyukimon|n
361|ST6-10|스컬사탄몬|디지몬카드|보라|5|완전체|바이러스종|언데드형|7000|6|3 from Lv.4|-|[진화시] 자신의 트래쉬에서 자색의 디지몬카드 1장을 패에 되돌릴수있다|-|-|SkullSatamon|n
362|ST6-11|워가루몬|디지몬카드|보라|5|완전체|바이러스종|수인형|7000|7|3 from Lv.4|-|-|[자신의 턴] 자신의 트래시가 5장 이상 있다면, 이 디지몬의 DP+2000 한다|-|워가루루몬, WereGarurumon|n
363|ST6-12|베놈묘티스몬|디지몬카드|보라|6|궁극체|바이러스종|마수형|11000|10|3 from Lv.5|-|[진화시] 다음 상대의 턴 종료시까지 자신의 디지몬 2체까지에게 [길동무]를 준다.|-|-|VenomMyotismon|n
364|ST6-13|크레스가루몬|디지몬카드|보라|6|궁극체|데이터종|수기사형|12000|12|4 from Lv.5|-|[시큐리티 어택 +1], [메인][디지버스트 2] 자신의 트래쉬에서 자색의 LV3의 디지몬카드 1장을 코스트를 지불하지 않고 등장시킨다|-|-|크레스가루루몬, CresGarurumon|n
365|ST6-14|매튜|테이머카드|보라|-|-|-|-|-|2|-|-|[자신의 턴] 자신의 디지몬이 소멸 했을때, 이 테이머를 레스트 시키는 것으로, 메모리를 +1 한다. |-|[시큐리티] 이 카드를 코스트를 지불하지 않고 등장시킨다|이시다 야마토, Matt Ishida|n
366|ST6-15|데스클로|옵션카드|보라|-|-|-|-|-|1|-|-|[메인] 자신의 디지몬 1체를 소멸시키는 것으로, Lv4 이하의 상대의 디지몬 1체를 소멸시킨다.|-|[시큐리티] Lv4 이하의 상대의 디지몬 1체를 소멸시킨다|Death Claw|n
367|ST6-16|네일 본|옵션카드|보라|-|-|-|-|-|7|-|-|[메인] 자신의 트래쉬에서 자색 Lv3의 디지몬카드 1장과 자색 Lv4의 디지몬카드 1장을 코스트를 지불하지 않고 등장시킨다. 이 효과로 등장한 디지몬은 [등장시] 효과를 발휘하지 않는다. |-|[시큐리티] 자신의 트래쉬에서 자색 Lv4 이하의 디지몬카드 1장을 코스트를 지불하지 않고 등장시킨다. 이 효과로 등장한 디지몬은 [등장시] 효과를 발휘하지 않는다|Nail Bone|n
368|ST7-01|기기몬|디지타마카드|빨강|2|유년기|-|렛서형|-|-|-|-|-|[자신의 턴][턴 1회] 상대의 디지몬이 소멸했을때, 이 턴 동안, 이 디지몬의 DP를 +2000 한다. |-|Gigimon|n
369|ST7-02|아구몬|디지몬카드|빨강|3|성장기|백신종|공룡형|2000|3|0 from Lv.2|-|-|[어택 시] 플레이어에 어택했을때, 이 턴 동안, 이 디지몬의 DP를 +2000 한다. |-|Agumon|n
370|ST7-03|길몬|디지몬카드|빨강|3|성장기|백신종|파충류형|2000|3|0 from Lv.2|-|[자신의 턴] Lv6 이상의 상대의 디지몬이 있을때, 이 디지몬은 패의 [듀크몬]에 진화조건을 무시하고 진화 코스트 4로 진화 할 수 있다. |[자신의 턴][턴 1회] 상대의 디지몬이 소멸했을때, [1드로]|-|Guilmon|n
371|ST7-04|피요몬|디지몬카드|빨강|3|성장기|백신종|아기새형|3000|4|0 from Lv.2|-|[블로커], [자신의 턴] 이 디지몬은 플레이어에 어택 할 수 없다.|-|-|Biyomon|n
372|ST7-05|그라우몬|디지몬카드|빨강|4|성숙기|바이러스종|마룡형|5000|4|2 from Lv.3|-|-|[자신의 턴][턴 1회] 상대의 디지몬이 소멸했을때, 메모리를 +1 한다. |-|Growlmon|n
373|ST7-06|지오그레이몬|디지몬카드|빨강|4|성숙기|백신종|공룡형|5000|6|2 from Lv.3|-|[등장 시] DP 4000 이하의 상대의 디지몬 1체를 소멸시킨다.  |-|[시큐리티] 배틀 종료시, 이 카드를 코스트를 지불하지 않고 등장시킨다. |GeoGreymon|n
374|ST7-07|라이즈그레이몬|디지몬카드|빨강|5|완전체|백신종|사이보그형|7000|7|3 from Lv.4|-|[등장 시] DP 5000 이하의 상대의 디지몬 1체를 소멸시킨다. |-|-|RizeGreymon|n
375|ST7-08|메가로그라우몬|디지몬카드|빨강|5|완전체|바이러스종|사이보그형|8000|8|3 from Lv.4|-|[어택 시] DP 3000 이하의 상대의 디지몬 1체를 소멸시킨다. |[자신의 턴][턴 1회] 상대의 디지몬이 소멸했을때, 이 턴 동안, 이 디지몬은 [시큐리티 어택 +1]을 얻는다. |-|WarGrowlmon|n
376|ST7-09|듀크몬|디지몬카드|빨강|6|궁극체|바이러스종|성기사형/로얄나이츠|11000|11|3 from Lv.5|-|[시큐리티 어택 +1], [어택 시] DP 4000 이하의 상대의 디지몬 1체를 소멸시킨다. 이 효과로 상대의 디지몬이 소멸하지 않았을때, 이 턴 동안, 이 디지몬의 DP를 +3000 한다. |-|-|Gallantmon|n
377|ST7-10|샤인그레이몬|디지몬카드|빨강|6|궁극체|백신종|광룡형|12000|12|4 from Lv.5|-|[시큐리티 어택 +1], [관통]|-|-|ShineGreymon|n
378|ST7-11|로얄 세이버|옵션카드|빨강|-|-|-|-|-|1|-|-|[메인] 이 턴 동안, 자신의 디지몬 1체에 DP를 +2000 한다. 자신의 시큐리티의 매수가 상대의 시큐리티 매수 이하일때, 이 턴 동안, 자신의 디지몬 1체는 [시큐리티 어택+1]을 얻는다.|-|[시큐리티] 이 카드를 패에 추가한다. |Lightning Joust|n
379|ST7-12|아토믹 블래스터|옵션카드|빨강|-|-|-|-|-|5|-|-|[메인] DP의 합계가 8000이하가 되도록 상대의 디지몬을 고르고, 고른 디지몬을 전부 소멸시킨다.|-|[시큐리티] 이 카드의 [메인] 효과를 발휘한다.|Atomic Blaster|n
380|ST8-01|꼬마몬|디지타마카드|파랑|2|유년기|-|유룡형|-|-|-|-|-|[자신의 턴] 자신의 패가 8장 이상 일 동안, 이 디지몬의 DP를 +1000 한다. |-|DemiVeemon|n
381|ST8-03|파피몬|디지몬카드|파랑|3|성장기|데이터종|파충류형|2000|3|0 from Lv.2|-|-|[서로의 턴] 자신의 패가 8장 이상일 동안, 이 디지몬의 DP를 +1000 한다. |-|Gabumon|n
382|ST8-03|드라코몬|디지몬카드|파랑|3|성장기|데이터종|용형|2000|3|0 from Lv.2|-|[등장 시] 자신의 덱 위에서 3장을 오픈한다. 그중 명칭에 [드라몬]을 포함한 디지몬 카드 1장을 패에 추가한다. 남은 카드는 좋아하는 순서대로 덱 밑에 둔다. |-|-|Dracomon|n
383|ST8-04|브이몬|디지몬카드|파랑|3|성장기|프리|소룡형|2000|3|0 from Lv.2|-|[자신의 턴] Lv6 이상의 상대의 디지몬이 있을때, 이 디지몬은 패의 [알포스브이드라몬]에 진화조건을 무시하고 진화 코스트 4로 진화할수 있다. |[어택 시] 자신의 패가 7장 이하일때, [1드로]|-|Veemon|n
384|ST8-05|브이드라몬|디지몬카드|파랑|4|성숙기|백신종|환룡형|5000|4|2 from Lv.3|-|-|[어택 시] 자신의 패가 8장 이상일때, Lv3의 상대의 디지몬 1체를 패에 되돌린다. 그 디지몬이 지닌 진화원은 파기한다. |-|Veedramon|n
385|ST8-06|코어드라몬|디지몬카드|파랑|4|성숙기|백신종|용형|5000|6|2 from Lv.3|-|[등장시] [드로 2]|-|[시큐리티] 배틀 종료시, 이 카드를 코스트를 지불하지 않고 등장시킨다.|Coredramon|n
386|ST8-07|윙드라몬|디지몬카드|파랑|5|완전체|백신종|천룡형|7000|7|3 from Lv.4|-|[블로커]|-|-|Wingdramon|n
387|ST8-08|에어로브이드라몬|디지몬카드|파랑|5|완전체|백신종|성룡형|7000|7|3 from Lv.4|-|[재밍]|[어택 시] 자신의 패가 8장 이상일 동안, 이 디지몬은 [시큐리티 어택 +1]|-|AeroVeedramon|n
388|ST8-09|슬레이어드라몬|디지몬카드|파랑|6|궁극체|백신종|용인형|11000|11|3 from Lv.5|-|[진화 시] 이 턴 동안, 이 디지몬은 [시큐리티 어택+1]을 얻는다. [자신의 턴] 이 디지몬은 블록 당하지 않는다. |-|-|Slayerdramon|n
389|ST8-10|알포스브이드라몬|디지몬카드|파랑|6|궁극체|백신종|성기사형/로얄나이츠|12000|12|4 from Lv.5|-|[진화 시] Lv4 이하의 상대의 디지몬 1체를 패로 되돌린다. 그 디지몬이 지닌 진화원은 파기한다.  [어택 시][턴 1회] 자신의 패가 8장 이상일때, 이 디지몬을 액티브로 한다. |-|-|UlforceVeedramon|n
390|ST8-11|알포스 세이버|옵션카드|파랑|-|-|-|-|-|3|-|-|[메인] 청색의 자신의 디지몬 1체를 액티브로 한다.|-|[시큐리티] 이 카드를 패에 추가한다. |Victory Sword|n
391|ST8-12|V 윙 블레이드|옵션카드|파랑|-|-|-|-|-|6|-|-|[메인] Lv6 이하의 상대의 디지몬 1체를 패에 되돌린다. 그 디지몬이 지닌 진화원은 파기한다. |-|[시큐리티] 이 카드의 [메인] 효과를 발휘한다. |V-Wing Blade|n
392|ST9-01|대롱몬|디지타마카드|초록|2|유년기|-|유충형|-|-|-|-|-|[자신의 턴] 청색의 자신의 디지몬이 존재할 경우, DP+1000|-|미노몬|n
393|ST9-02|브이몬|디지몬카드|파랑|3|성장기|프리|소룡형|2000|3|0 from Lv.2|0 from Lv.2|[등장 시] 덱에서 3장을 확인하여 속성에 [프리]를 지닌 카드를 한 장 패로 가져온다. 남은 카드는 원하는 순서대로 덱 아래에 되돌린다.|-|-|Veemon|n
394|ST9-03|베타몬|디지몬카드|파랑|3|성장기|바이러스종|양서류형|4000|3|0 from Lv.2|0 from Lv.2|-|-|-|Betamon|n
395|ST9-04|엑스브이몬|디지몬카드|파랑|4|성숙기|프리|환룡형|4000|4|2 from Lv.3|2 from Lv.3|패의 이 카드를 등장시킬 때, 녹색의 자신의 디지몬이 있다면 등장시 코스트를 -1한다.|[어택 시] 녹색의 자신의 디지몬이 있을 때, 이 턴중, 이 디지몬의 DP+1000|-|ExVeemon|n
396|ST9-05|파일드라몬|디지몬카드|파랑|5|완전체|프리|용인형|8000|8|4 from Lv.4|4 from Lv.4|[조그레스] 청색 lv.4의 디지몬+ 녹색 lv.4의 디지몬에서 0코스트로 진화 [진화 시] 조그레스진화 했을 경우, dp 6000이하의 상대 디지몬 1체를 덱의 아래로 되돌린다. [어택 시] [턴 1회] 이 디지몬을 액티브한다.|-|-|Paildramon|n
397|ST9-06|황제드라몬:드래곤모드|디지몬카드|파랑|6|궁극체|프리|고대룡형|12000|13|4 from Lv.5|4 from Lv.5|[진화 시] 이 디지몬의 진화원에서, Lv.4 이하의 청색과 녹색 디지몬카드를 1장씩 코스트를 지불하지 않고 등장시킬 수 있다.|-|-|Imperialdramon: Dragon Mode|n
398|ST9-07|코캅테리몬|디지몬카드|초록|3|성장기|바이러스종|곤충형|2000|3|0 from Lv.2|-|[상대의 턴] 청색의 자신의 디지몬이 있는 동안, 이 디지몬은 [블로커]를 얻는다.|-|-|KoKabuterimon|n
399|ST9-08|추추몬|디지몬카드|초록|3|성장기|프리|유충형|3000|3|0 from Lv.2|0 from Lv.2|-|[자신의 턴 종료 시] 이 디지몬과 다른 자신의 디지몬으로 패의 다른 디지몬 카드로 코스트를 지불하고 [조그레스 진화]할 수 있다.|-|Wormmon|n
400|ST9-09|스팅몬|디지몬카드|초록|4|성숙기|프리|곤충형|4000|4|2 from Lv.3|2 from Lv.3|패의 이 카드를 등장시킬 때, 청색의 자신의 디지몬이 있다면 등장시 코스트를 -1한다.|[어택 시] 청색의 자신의 디지몬이 있다면 [드로 1]|-|Stingmon|n
401|ST9-10|스나이몬|디지몬카드|초록|4|성숙기|백신종|곤충형|4000|6|2 from Lv.3|-|[등장 시] 상대의 디지몬 1체를 레스트시킨다.|-|[시큐리티] 배틀 종료시, 이 카드를 코스트를 지불하지 않고 등장시킨다. |Snimon|n
402|ST9-11|디노비몬|디지몬카드|초록|5|완전체|프리|돌연변이형|8000|8|4 from Lv.4|4 from Lv.4|[조그레스] 청색 lv.4의 디지몬+ 녹색 lv.4의 디지몬에서 0코스트로 진화 [진화 시] 상대의 디지몬 1체를 레스트 시킨다. 조그레스 진화했을 경우, 다음 상대의 액티브 페이즈에 그 디지몬은 액티브 할 수 없다.|[자신의 턴] 이 디지몬의 색 1개당, 이 디지몬의 dp를 +1000한다.|-|Dinobeemon|n
403|ST9-12|쥬엘비몬|디지몬카드|초록|5|완전체|백신종|곤충형|7000|6|2 from Lv.2|-|-|-|-|JewelBeemon|n
404|ST9-13|그랜쿠가몬|디지몬카드|초록|6|궁극체|프리|곤충형|11000|12|3 from Lv.5|-|[시큐리티 어택 +1], [진화 시] 이 턴 동안, 이 디지몬의 DP를 +4000한다.|-|-|GranKuwagamon|n
405|ST9-14|메가데스|옵션카드|파랑|-|-|-|-|-|5|-|-|[메인] 상대 디지몬 1체를 레스트 시킨다. 그 후, 레스트 상태인 상대의 디지몬 1체를 패로 되돌린다.|-|[시큐리티] 이 카드의 [메인] 효과를 발동시킨다.|Mega Death|n
406|ST9-15|헬 마스커레이드|옵션카드|초록|-|-|-|-|-|1|-|-|[메인] 이 턴중, 자신의 디지몬 1체의 dp를 +2000, 그 후 청색의 자신의 디지몬이 있다면 이 턴 중, 자신의 디지몬 1체에게 관통을 부여한다|-|[시큐리티] 이 카드를 패에 넣는다.|Hell Masquerade|n
